--
-- PostgreSQL database dump
--

-- Dumped from database version 16.2 (Debian 16.2-1.pgdg120+2)
-- Dumped by pg_dump version 16.2

SET statement_timeout = 0;
SET lock_timeout = 0;
SET idle_in_transaction_session_timeout = 0;
SET client_encoding = 'UTF8';
SET standard_conforming_strings = on;
SELECT pg_catalog.set_config('search_path', '', false);
SET check_function_bodies = false;
SET xmloption = content;
SET client_min_messages = warning;
SET row_security = off;

--
-- Name: pg_trgm; Type: EXTENSION; Schema: -; Owner: -
--

CREATE EXTENSION IF NOT EXISTS pg_trgm WITH SCHEMA public;


--
-- Name: EXTENSION pg_trgm; Type: COMMENT; Schema: -; Owner: 
--

COMMENT ON EXTENSION pg_trgm IS 'text similarity measurement and index searching based on trigrams';


SET default_tablespace = '';

SET default_table_access_method = heap;

--
-- Name: accounts_account; Type: TABLE; Schema: public; Owner: postgres
--

CREATE TABLE public.accounts_account (
    id bigint NOT NULL,
    password character varying(128) NOT NULL,
    last_login timestamp with time zone,
    first_name character varying(50) NOT NULL,
    last_name character varying(50) NOT NULL,
    username character varying(50) NOT NULL,
    email character varying(50) NOT NULL,
    phone character varying(50) NOT NULL,
    date_register timestamp with time zone NOT NULL,
    last_join timestamp with time zone NOT NULL,
    is_admin boolean NOT NULL,
    is_active boolean NOT NULL,
    is_staff boolean NOT NULL,
    is_superuser boolean NOT NULL,
    avatar character varying(100) NOT NULL,
    description text NOT NULL,
    url character varying(100) NOT NULL,
    birthday timestamp with time zone,
    gender character varying(10) NOT NULL,
    subscription character varying(10)
);


ALTER TABLE public.accounts_account OWNER TO postgres;

--
-- Name: accounts_account_id_seq; Type: SEQUENCE; Schema: public; Owner: postgres
--

ALTER TABLE public.accounts_account ALTER COLUMN id ADD GENERATED BY DEFAULT AS IDENTITY (
    SEQUENCE NAME public.accounts_account_id_seq
    START WITH 1
    INCREMENT BY 1
    NO MINVALUE
    NO MAXVALUE
    CACHE 1
);


--
-- Name: auth_group; Type: TABLE; Schema: public; Owner: postgres
--

CREATE TABLE public.auth_group (
    id integer NOT NULL,
    name character varying(150) NOT NULL
);


ALTER TABLE public.auth_group OWNER TO postgres;

--
-- Name: auth_group_id_seq; Type: SEQUENCE; Schema: public; Owner: postgres
--

ALTER TABLE public.auth_group ALTER COLUMN id ADD GENERATED BY DEFAULT AS IDENTITY (
    SEQUENCE NAME public.auth_group_id_seq
    START WITH 1
    INCREMENT BY 1
    NO MINVALUE
    NO MAXVALUE
    CACHE 1
);


--
-- Name: auth_group_permissions; Type: TABLE; Schema: public; Owner: postgres
--

CREATE TABLE public.auth_group_permissions (
    id bigint NOT NULL,
    group_id integer NOT NULL,
    permission_id integer NOT NULL
);


ALTER TABLE public.auth_group_permissions OWNER TO postgres;

--
-- Name: auth_group_permissions_id_seq; Type: SEQUENCE; Schema: public; Owner: postgres
--

ALTER TABLE public.auth_group_permissions ALTER COLUMN id ADD GENERATED BY DEFAULT AS IDENTITY (
    SEQUENCE NAME public.auth_group_permissions_id_seq
    START WITH 1
    INCREMENT BY 1
    NO MINVALUE
    NO MAXVALUE
    CACHE 1
);


--
-- Name: auth_permission; Type: TABLE; Schema: public; Owner: postgres
--

CREATE TABLE public.auth_permission (
    id integer NOT NULL,
    name character varying(255) NOT NULL,
    content_type_id integer NOT NULL,
    codename character varying(100) NOT NULL
);


ALTER TABLE public.auth_permission OWNER TO postgres;

--
-- Name: auth_permission_id_seq; Type: SEQUENCE; Schema: public; Owner: postgres
--

ALTER TABLE public.auth_permission ALTER COLUMN id ADD GENERATED BY DEFAULT AS IDENTITY (
    SEQUENCE NAME public.auth_permission_id_seq
    START WITH 1
    INCREMENT BY 1
    NO MINVALUE
    NO MAXVALUE
    CACHE 1
);


--
-- Name: chat_conversation; Type: TABLE; Schema: public; Owner: postgres
--

CREATE TABLE public.chat_conversation (
    id bigint NOT NULL,
    start_time timestamp with time zone NOT NULL,
    initiator_id bigint,
    receiver_id bigint
);


ALTER TABLE public.chat_conversation OWNER TO postgres;

--
-- Name: chat_conversation_id_seq; Type: SEQUENCE; Schema: public; Owner: postgres
--

ALTER TABLE public.chat_conversation ALTER COLUMN id ADD GENERATED BY DEFAULT AS IDENTITY (
    SEQUENCE NAME public.chat_conversation_id_seq
    START WITH 1
    INCREMENT BY 1
    NO MINVALUE
    NO MAXVALUE
    CACHE 1
);


--
-- Name: chat_message; Type: TABLE; Schema: public; Owner: postgres
--

CREATE TABLE public.chat_message (
    id bigint NOT NULL,
    text character varying(500) NOT NULL,
    attachment character varying(100) NOT NULL,
    "timestamp" timestamp with time zone NOT NULL,
    conversation_id_id bigint NOT NULL,
    sender_id bigint,
    receiver_id bigint,
    read boolean NOT NULL
);


ALTER TABLE public.chat_message OWNER TO postgres;

--
-- Name: chat_message_id_seq; Type: SEQUENCE; Schema: public; Owner: postgres
--

ALTER TABLE public.chat_message ALTER COLUMN id ADD GENERATED BY DEFAULT AS IDENTITY (
    SEQUENCE NAME public.chat_message_id_seq
    START WITH 1
    INCREMENT BY 1
    NO MINVALUE
    NO MAXVALUE
    CACHE 1
);


--
-- Name: django_admin_log; Type: TABLE; Schema: public; Owner: postgres
--

CREATE TABLE public.django_admin_log (
    id integer NOT NULL,
    action_time timestamp with time zone NOT NULL,
    object_id text,
    object_repr character varying(200) NOT NULL,
    action_flag smallint NOT NULL,
    change_message text NOT NULL,
    content_type_id integer,
    user_id bigint NOT NULL,
    CONSTRAINT django_admin_log_action_flag_check CHECK ((action_flag >= 0))
);


ALTER TABLE public.django_admin_log OWNER TO postgres;

--
-- Name: django_admin_log_id_seq; Type: SEQUENCE; Schema: public; Owner: postgres
--

ALTER TABLE public.django_admin_log ALTER COLUMN id ADD GENERATED BY DEFAULT AS IDENTITY (
    SEQUENCE NAME public.django_admin_log_id_seq
    START WITH 1
    INCREMENT BY 1
    NO MINVALUE
    NO MAXVALUE
    CACHE 1
);


--
-- Name: django_content_type; Type: TABLE; Schema: public; Owner: postgres
--

CREATE TABLE public.django_content_type (
    id integer NOT NULL,
    app_label character varying(100) NOT NULL,
    model character varying(100) NOT NULL
);


ALTER TABLE public.django_content_type OWNER TO postgres;

--
-- Name: django_content_type_id_seq; Type: SEQUENCE; Schema: public; Owner: postgres
--

ALTER TABLE public.django_content_type ALTER COLUMN id ADD GENERATED BY DEFAULT AS IDENTITY (
    SEQUENCE NAME public.django_content_type_id_seq
    START WITH 1
    INCREMENT BY 1
    NO MINVALUE
    NO MAXVALUE
    CACHE 1
);


--
-- Name: django_migrations; Type: TABLE; Schema: public; Owner: postgres
--

CREATE TABLE public.django_migrations (
    id bigint NOT NULL,
    app character varying(255) NOT NULL,
    name character varying(255) NOT NULL,
    applied timestamp with time zone NOT NULL
);


ALTER TABLE public.django_migrations OWNER TO postgres;

--
-- Name: django_migrations_id_seq; Type: SEQUENCE; Schema: public; Owner: postgres
--

ALTER TABLE public.django_migrations ALTER COLUMN id ADD GENERATED BY DEFAULT AS IDENTITY (
    SEQUENCE NAME public.django_migrations_id_seq
    START WITH 1
    INCREMENT BY 1
    NO MINVALUE
    NO MAXVALUE
    CACHE 1
);


--
-- Name: django_session; Type: TABLE; Schema: public; Owner: postgres
--

CREATE TABLE public.django_session (
    session_key character varying(40) NOT NULL,
    session_data text NOT NULL,
    expire_date timestamp with time zone NOT NULL
);


ALTER TABLE public.django_session OWNER TO postgres;

--
-- Name: followers_follower; Type: TABLE; Schema: public; Owner: postgres
--

CREATE TABLE public.followers_follower (
    id bigint NOT NULL,
    created_date timestamp with time zone NOT NULL,
    author_id bigint NOT NULL,
    follower_id bigint NOT NULL,
    notification_id bigint NOT NULL
);


ALTER TABLE public.followers_follower OWNER TO postgres;

--
-- Name: followers_follower_id_seq; Type: SEQUENCE; Schema: public; Owner: postgres
--

ALTER TABLE public.followers_follower ALTER COLUMN id ADD GENERATED BY DEFAULT AS IDENTITY (
    SEQUENCE NAME public.followers_follower_id_seq
    START WITH 1
    INCREMENT BY 1
    NO MINVALUE
    NO MAXVALUE
    CACHE 1
);


--
-- Name: notifications_notification; Type: TABLE; Schema: public; Owner: postgres
--

CREATE TABLE public.notifications_notification (
    id bigint NOT NULL,
    send boolean NOT NULL,
    read boolean NOT NULL,
    hide boolean NOT NULL,
    created_date timestamp with time zone NOT NULL,
    user_id bigint NOT NULL
);


ALTER TABLE public.notifications_notification OWNER TO postgres;

--
-- Name: notifications_notification_id_seq; Type: SEQUENCE; Schema: public; Owner: postgres
--

ALTER TABLE public.notifications_notification ALTER COLUMN id ADD GENERATED BY DEFAULT AS IDENTITY (
    SEQUENCE NAME public.notifications_notification_id_seq
    START WITH 1
    INCREMENT BY 1
    NO MINVALUE
    NO MAXVALUE
    CACHE 1
);


--
-- Name: posts_comment; Type: TABLE; Schema: public; Owner: postgres
--

CREATE TABLE public.posts_comment (
    id bigint NOT NULL,
    text text NOT NULL,
    created_date timestamp with time zone NOT NULL,
    update_date timestamp with time zone NOT NULL,
    deleted boolean NOT NULL,
    lft integer NOT NULL,
    rght integer NOT NULL,
    tree_id integer NOT NULL,
    level integer NOT NULL,
    author_id bigint,
    parent_id bigint,
    post_id bigint NOT NULL,
    notification_id bigint,
    CONSTRAINT posts_comment_level_check CHECK ((level >= 0)),
    CONSTRAINT posts_comment_lft_check CHECK ((lft >= 0)),
    CONSTRAINT posts_comment_rght_check CHECK ((rght >= 0)),
    CONSTRAINT posts_comment_tree_id_check CHECK ((tree_id >= 0))
);


ALTER TABLE public.posts_comment OWNER TO postgres;

--
-- Name: posts_comment_id_seq; Type: SEQUENCE; Schema: public; Owner: postgres
--

ALTER TABLE public.posts_comment ALTER COLUMN id ADD GENERATED BY DEFAULT AS IDENTITY (
    SEQUENCE NAME public.posts_comment_id_seq
    START WITH 1
    INCREMENT BY 1
    NO MINVALUE
    NO MAXVALUE
    CACHE 1
);


--
-- Name: posts_image; Type: TABLE; Schema: public; Owner: postgres
--

CREATE TABLE public.posts_image (
    id bigint NOT NULL,
    image character varying(100) NOT NULL,
    post_id bigint NOT NULL
);


ALTER TABLE public.posts_image OWNER TO postgres;

--
-- Name: posts_image_id_seq; Type: SEQUENCE; Schema: public; Owner: postgres
--

ALTER TABLE public.posts_image ALTER COLUMN id ADD GENERATED BY DEFAULT AS IDENTITY (
    SEQUENCE NAME public.posts_image_id_seq
    START WITH 1
    INCREMENT BY 1
    NO MINVALUE
    NO MAXVALUE
    CACHE 1
);


--
-- Name: posts_like; Type: TABLE; Schema: public; Owner: postgres
--

CREATE TABLE public.posts_like (
    id bigint NOT NULL,
    object_id integer NOT NULL,
    content_type_id integer NOT NULL,
    user_id bigint NOT NULL,
    notification_id bigint,
    CONSTRAINT posts_like_object_id_check CHECK ((object_id >= 0))
);


ALTER TABLE public.posts_like OWNER TO postgres;

--
-- Name: posts_like_id_seq; Type: SEQUENCE; Schema: public; Owner: postgres
--

ALTER TABLE public.posts_like ALTER COLUMN id ADD GENERATED BY DEFAULT AS IDENTITY (
    SEQUENCE NAME public.posts_like_id_seq
    START WITH 1
    INCREMENT BY 1
    NO MINVALUE
    NO MAXVALUE
    CACHE 1
);


--
-- Name: posts_post; Type: TABLE; Schema: public; Owner: postgres
--

CREATE TABLE public.posts_post (
    id bigint NOT NULL,
    name character varying(50) NOT NULL,
    text text NOT NULL,
    created_date timestamp with time zone NOT NULL,
    slug character varying(200) NOT NULL,
    avialable_comment boolean NOT NULL,
    author_id bigint NOT NULL,
    view_count integer NOT NULL,
    premium boolean NOT NULL
);


ALTER TABLE public.posts_post OWNER TO postgres;

--
-- Name: posts_post_id_seq; Type: SEQUENCE; Schema: public; Owner: postgres
--

ALTER TABLE public.posts_post ALTER COLUMN id ADD GENERATED BY DEFAULT AS IDENTITY (
    SEQUENCE NAME public.posts_post_id_seq
    START WITH 1
    INCREMENT BY 1
    NO MINVALUE
    NO MAXVALUE
    CACHE 1
);


--
-- Name: posts_readpost; Type: TABLE; Schema: public; Owner: postgres
--

CREATE TABLE public.posts_readpost (
    id bigint NOT NULL,
    read_post boolean NOT NULL,
    post_id bigint NOT NULL,
    user_id bigint NOT NULL
);


ALTER TABLE public.posts_readpost OWNER TO postgres;

--
-- Name: posts_readpost_id_seq; Type: SEQUENCE; Schema: public; Owner: postgres
--

ALTER TABLE public.posts_readpost ALTER COLUMN id ADD GENERATED BY DEFAULT AS IDENTITY (
    SEQUENCE NAME public.posts_readpost_id_seq
    START WITH 1
    INCREMENT BY 1
    NO MINVALUE
    NO MAXVALUE
    CACHE 1
);


--
-- Name: posts_video; Type: TABLE; Schema: public; Owner: postgres
--

CREATE TABLE public.posts_video (
    id bigint NOT NULL,
    video character varying(100) NOT NULL,
    post_id bigint NOT NULL
);


ALTER TABLE public.posts_video OWNER TO postgres;

--
-- Name: posts_video_id_seq; Type: SEQUENCE; Schema: public; Owner: postgres
--

ALTER TABLE public.posts_video ALTER COLUMN id ADD GENERATED BY DEFAULT AS IDENTITY (
    SEQUENCE NAME public.posts_video_id_seq
    START WITH 1
    INCREMENT BY 1
    NO MINVALUE
    NO MAXVALUE
    CACHE 1
);


--
-- Name: taggit_tag; Type: TABLE; Schema: public; Owner: postgres
--

CREATE TABLE public.taggit_tag (
    id integer NOT NULL,
    name character varying(100) NOT NULL,
    slug character varying(100) NOT NULL
);


ALTER TABLE public.taggit_tag OWNER TO postgres;

--
-- Name: taggit_tag_id_seq; Type: SEQUENCE; Schema: public; Owner: postgres
--

ALTER TABLE public.taggit_tag ALTER COLUMN id ADD GENERATED BY DEFAULT AS IDENTITY (
    SEQUENCE NAME public.taggit_tag_id_seq
    START WITH 1
    INCREMENT BY 1
    NO MINVALUE
    NO MAXVALUE
    CACHE 1
);


--
-- Name: taggit_taggeditem; Type: TABLE; Schema: public; Owner: postgres
--

CREATE TABLE public.taggit_taggeditem (
    id integer NOT NULL,
    object_id integer NOT NULL,
    content_type_id integer NOT NULL,
    tag_id integer NOT NULL
);


ALTER TABLE public.taggit_taggeditem OWNER TO postgres;

--
-- Name: taggit_taggeditem_id_seq; Type: SEQUENCE; Schema: public; Owner: postgres
--

ALTER TABLE public.taggit_taggeditem ALTER COLUMN id ADD GENERATED BY DEFAULT AS IDENTITY (
    SEQUENCE NAME public.taggit_taggeditem_id_seq
    START WITH 1
    INCREMENT BY 1
    NO MINVALUE
    NO MAXVALUE
    CACHE 1
);


--
-- Data for Name: accounts_account; Type: TABLE DATA; Schema: public; Owner: postgres
--

COPY public.accounts_account (id, password, last_login, first_name, last_name, username, email, phone, date_register, last_join, is_admin, is_active, is_staff, is_superuser, avatar, description, url, birthday, gender, subscription) FROM stdin;
1	pbkdf2_sha256$720000$j6kpKJqSC52TzOKOEWIoCm$h4NUzftytPfELt9rC57i6R80e68FbETcNkHXbYpBMSE=	\N			Vylich	ilya.sidorenko.99@gmail.com		2024-04-03 11:05:04.377303+00	2024-04-03 11:05:04.377323+00	f	t	f	f	avatar/ava.png			\N		premium
8	pbkdf2_sha256$720000$x3RnPjCSXnwzNwVDsLNsPe$0TmarF+AQEv0XMTDa0WjA4BEhjsW22sKAc7j12uBB60=	\N			Vylichhh	user2@example.com		2024-04-10 09:58:36.365076+00	2024-04-10 09:58:36.365093+00	f	t	f	f				\N		\N
9	pbkdf2_sha256$720000$5L3nnbE1gNjJic0PaBqrdY$9fkMfMZpS8In6weMEsXwWndK2RZJv1BlSIp2dzSQbAY=	\N			mickus	mickus@ya.ru		2024-04-10 12:08:58.246669+00	2024-04-10 12:08:58.246686+00	f	t	f	f				\N		\N
10	pbkdf2_sha256$720000$46JH1yTNRrRJx6cbzEXagR$E8++W5hJATUMUIdFxHs9rZOjuhlO0NYbqItzrAuvcjE=	\N			JulMickus	mickus@yandex.ru		2024-04-10 12:12:57.886716+00	2024-04-10 12:12:57.886742+00	f	t	f	f				\N		\N
11	pbkdf2_sha256$720000$ATFhZWVBer4MyfjjLhc1EV$gSuGczIGo6sZifdi91+GeCKrbGJjHBvq/bbrmmSZScc=	\N			Masha_petersburg	mms2005@yandex.ru		2024-04-10 12:15:34.236838+00	2024-04-10 12:15:34.236854+00	f	t	f	f				\N		\N
12	pbkdf2_sha256$720000$Yz7wflH00cZ86tPLgI8Wfa$0dSUOkGZ24V7WWXqwPD/Jo4xMkrtvSbgMgo6xXgCUgg=	\N			roma	jkbjbjkb@gmail.com		2024-04-15 23:47:14.439893+00	2024-04-15 23:47:14.43991+00	f	t	f	f				\N		\N
13	pbkdf2_sha256$720000$geDLViDBdc0QMkFe7qC1P2$Zlx4h94gh5b7JYUlUzjXgkaJyISRQ+LydimxD2bAeS4=	\N	Дмитрий	Дмитрий	Dimgo	dimgo1@yandex.ru		2024-04-20 09:55:44.155852+00	2024-04-20 09:55:44.155881+00	f	t	f	f	avatar/UTHB1494.JPG			\N		\N
14	pbkdf2_sha256$720000$OKvxKHzvoS6GW2SydCq8EE$PF8bk2fj2YAvVrdEQv0lz5M3r2miQEHUBolYwRl+Y7g=	\N			Ilya	ilya.sid@gmail.com		2024-04-24 09:42:10.833511+00	2024-04-24 09:42:10.833529+00	f	t	f	f				\N		\N
15	pbkdf2_sha256$720000$hHCxUvlGkjxLwyJQKUAq4T$HGgBiWvYdkr2/8Gol4GovG3ga35vXjvv1KhlmNqKrNE=	\N			Anna	anna.karpina.tulun@gmail.com		2024-05-07 04:00:06.575509+00	2024-05-07 04:00:06.575532+00	f	t	f	f				\N		\N
4	pbkdf2_sha256$720000$WhHqwiKBN369fqgb1E5XbK$iUqOAPFivCwJj2gIcNsitlZZL4yS7+01CJcKZAAoq1c=	\N			MohairCap	vylich@gmail.com		2024-04-05 07:21:25.392011+00	2024-04-05 07:21:25.392031+00	f	t	f	f				\N		\N
5	pbkdf2_sha256$720000$bxvTVCpgvbcDwidgXJdzkN$//X+HJI0yaAel05yKDu9FlNHYO9/e0ACtleb2qcRaE4=	\N			fgff	user@example.com		2024-04-05 07:29:23.278949+00	2024-04-05 07:29:23.278968+00	f	t	f	f				\N		\N
3	pbkdf2_sha256$720000$RqPRtzGBjrRtstoH14SEyn$Hlyu2k06K1Ay9cNIhkts/VGjVO77GEPopPkMhcEhpk4=	\N	Ангелина	Карпина	anggely	karpina.gelia@gmail.com		2024-04-04 20:05:02.828198+00	2024-04-04 20:05:02.828216+00	f	t	f	f	avatar/avito-1711729256553-shot.jpg			2004-12-03 21:00:00+00	female	\N
2	pbkdf2_sha256$720000$zVr0PltvrMf9sflPCJchVU$969GEVNhLn2NXibyHId+TmsKTie8u6VqNDZTSy8iPww=	\N	Роман	Карпин	Roman	romul.krp@gmail.com		2024-04-03 15:08:52.30417+00	2024-04-03 15:08:52.304189+00	f	t	f	f	avatar/Demon-angel.webp			1971-03-18 21:00:00+00	male	standard
6	pbkdf2_sha256$720000$nWyP9PPEQiB1TvEYv0ryKJ$LHAZhA0Toe/qZ9FzQgnIa9B2CP0+F6YVYKPbtrqUq2w=	\N	Дмитрий	Бар	Dmitrii	d9113333333@gmail.com		2024-04-09 10:02:44.361112+00	2024-04-09 10:02:44.361132+00	f	t	f	f				1969-12-29 21:00:00+00	male	\N
7	pbkdf2_sha256$720000$OpqN4rb1UfujHHGtABMMli$eNUOjT3HfTI42XKQSpI6XQ5HibDctnYtr1Y3klZBQNM=	\N			Dasha	darya.sidorenko1313@gmail.com		2024-04-09 15:55:58.485167+00	2024-04-09 15:55:58.485187+00	f	t	f	f				\N		\N
\.


--
-- Data for Name: auth_group; Type: TABLE DATA; Schema: public; Owner: postgres
--

COPY public.auth_group (id, name) FROM stdin;
\.


--
-- Data for Name: auth_group_permissions; Type: TABLE DATA; Schema: public; Owner: postgres
--

COPY public.auth_group_permissions (id, group_id, permission_id) FROM stdin;
\.


--
-- Data for Name: auth_permission; Type: TABLE DATA; Schema: public; Owner: postgres
--

COPY public.auth_permission (id, name, content_type_id, codename) FROM stdin;
1	Can add log entry	1	add_logentry
2	Can change log entry	1	change_logentry
3	Can delete log entry	1	delete_logentry
4	Can view log entry	1	view_logentry
5	Can add permission	2	add_permission
6	Can change permission	2	change_permission
7	Can delete permission	2	delete_permission
8	Can view permission	2	view_permission
9	Can add group	3	add_group
10	Can change group	3	change_group
11	Can delete group	3	delete_group
12	Can view group	3	view_group
13	Can add content type	4	add_contenttype
14	Can change content type	4	change_contenttype
15	Can delete content type	4	delete_contenttype
16	Can view content type	4	view_contenttype
17	Can add session	5	add_session
18	Can change session	5	change_session
19	Can delete session	5	delete_session
20	Can view session	5	view_session
21	Can add Учетная запись	6	add_account
22	Can change Учетная запись	6	change_account
23	Can delete Учетная запись	6	delete_account
24	Can view Учетная запись	6	view_account
25	Can add Пост	7	add_post
26	Can change Пост	7	change_post
27	Can delete Пост	7	delete_post
28	Can view Пост	7	view_post
29	Can add like	8	add_like
30	Can change like	8	change_like
31	Can delete like	8	delete_like
32	Can view like	8	view_like
33	Can add Комментарий	9	add_comment
34	Can change Комментарий	9	change_comment
35	Can delete Комментарий	9	delete_comment
36	Can view Комментарий	9	view_comment
37	Can add Изображение	10	add_image
38	Can change Изображение	10	change_image
39	Can delete Изображение	10	delete_image
40	Can view Изображение	10	view_image
41	Can add Видео	11	add_video
42	Can change Видео	11	change_video
43	Can delete Видео	11	delete_video
44	Can view Видео	11	view_video
45	Can add Прочитан	12	add_readpost
46	Can change Прочитан	12	change_readpost
47	Can delete Прочитан	12	delete_readpost
48	Can view Прочитан	12	view_readpost
49	Can add tag	13	add_tag
50	Can change tag	13	change_tag
51	Can delete tag	13	delete_tag
52	Can view tag	13	view_tag
53	Can add tagged item	14	add_taggeditem
54	Can change tagged item	14	change_taggeditem
55	Can delete tagged item	14	delete_taggeditem
56	Can view tagged item	14	view_taggeditem
57	Can add conversation	15	add_conversation
58	Can change conversation	15	change_conversation
59	Can delete conversation	15	delete_conversation
60	Can view conversation	15	view_conversation
61	Can add message	16	add_message
62	Can change message	16	change_message
63	Can delete message	16	delete_message
64	Can view message	16	view_message
65	Can add Уведомление	17	add_notification
66	Can change Уведомление	17	change_notification
67	Can delete Уведомление	17	delete_notification
68	Can view Уведомление	17	view_notification
69	Can add Подписка	18	add_follower
70	Can change Подписка	18	change_follower
71	Can delete Подписка	18	delete_follower
72	Can view Подписка	18	view_follower
\.


--
-- Data for Name: chat_conversation; Type: TABLE DATA; Schema: public; Owner: postgres
--

COPY public.chat_conversation (id, start_time, initiator_id, receiver_id) FROM stdin;
1	2024-04-04 23:39:55.941787+00	2	3
2	2024-04-09 06:20:00.847327+00	1	2
3	2024-04-09 15:58:08.714368+00	1	7
4	2024-04-14 15:58:11.274066+00	2	7
5	2024-04-20 13:15:49.407489+00	13	2
6	2024-04-22 08:48:08.571861+00	1	12
\.


--
-- Data for Name: chat_message; Type: TABLE DATA; Schema: public; Owner: postgres
--

COPY public.chat_message (id, text, attachment, "timestamp", conversation_id_id, sender_id, receiver_id, read) FROM stdin;
1	test		2024-04-09 07:27:34.151562+00	2	1	2	t
2	test		2024-04-09 07:30:04.292585+00	2	2	1	t
3	1488		2024-04-09 09:44:42.332191+00	1	2	3	f
4	привет		2024-04-09 16:02:44.457188+00	3	1	7	t
6	даа		2024-04-09 16:03:31.049127+00	3	1	7	t
7	ахаха		2024-04-09 16:03:34.67998+00	3	1	7	t
8	такие дела\\		2024-04-09 16:03:40.948705+00	3	1	7	t
5	Ниче се		2024-04-09 16:03:24.597234+00	3	7	1	t
9	Ты можешь сама картинок добавить если хош		2024-04-09 16:16:17.900659+00	3	1	7	f
10	1488		2024-04-15 06:06:57.884965+00	1	2	3	f
11	Привет, ты кто?		2024-04-15 06:07:07.711568+00	4	2	7	f
13	utyi		2024-04-15 09:44:07.888022+00	3	1	7	f
12	test		2024-04-15 07:09:04.281448+00	2	1	2	t
14	sdfg		2024-04-23 12:30:25.071205+00	3	1	7	f
15	gf		2024-04-23 12:38:23.675158+00	3	1	7	f
16	hdfg		2024-04-23 12:38:26.562451+00	3	1	7	f
17	dfgsdg		2024-04-23 12:53:24.127944+00	3	1	7	f
18	sdfgdsfg		2024-04-23 12:53:26.269628+00	3	1	7	f
19	dfhfdg		2024-04-23 12:53:31.633674+00	3	1	7	f
20	asdfsdaf		2024-04-23 13:33:40.906905+00	2	1	2	t
21	asdfasdf		2024-05-07 10:17:29.464329+00	3	1	7	f
22	asdf		2024-05-07 10:17:31.501251+00	3	1	7	f
23	dsafsda		2024-05-08 15:03:09.495134+00	2	1	2	t
\.


--
-- Data for Name: django_admin_log; Type: TABLE DATA; Schema: public; Owner: postgres
--

COPY public.django_admin_log (id, action_time, object_id, object_repr, action_flag, change_message, content_type_id, user_id) FROM stdin;
\.


--
-- Data for Name: django_content_type; Type: TABLE DATA; Schema: public; Owner: postgres
--

COPY public.django_content_type (id, app_label, model) FROM stdin;
1	admin	logentry
2	auth	permission
3	auth	group
4	contenttypes	contenttype
5	sessions	session
6	accounts	account
7	posts	post
8	posts	like
9	posts	comment
10	posts	image
11	posts	video
12	posts	readpost
13	taggit	tag
14	taggit	taggeditem
15	chat	conversation
16	chat	message
17	notifications	notification
18	followers	follower
\.


--
-- Data for Name: django_migrations; Type: TABLE DATA; Schema: public; Owner: postgres
--

COPY public.django_migrations (id, app, name, applied) FROM stdin;
1	accounts	0001_initial	2024-04-03 11:01:44.730925+00
2	accounts	0002_follower_follower_unique_follow	2024-04-03 11:01:44.769195+00
3	accounts	0003_alter_follower_author_alter_follower_unique_together	2024-04-03 11:01:44.781436+00
4	accounts	0004_account_avatar	2024-04-03 11:01:44.788227+00
5	accounts	0005_account_description_account_url	2024-04-03 11:01:44.80459+00
6	accounts	0006_alter_account_options_alter_account_url	2024-04-03 11:01:44.81459+00
7	accounts	0007_account_birthday_account_gender	2024-04-03 11:01:44.826612+00
8	accounts	0008_delete_follower	2024-04-03 11:01:44.833042+00
9	accounts	0009_alter_account_first_name_alter_account_last_name_and_more	2024-04-03 11:01:44.841825+00
10	accounts	0010_account_subscription	2024-04-03 11:01:44.846884+00
11	contenttypes	0001_initial	2024-04-03 11:01:44.858057+00
12	admin	0001_initial	2024-04-03 11:01:44.896192+00
13	admin	0002_logentry_remove_auto_add	2024-04-03 11:01:44.904538+00
14	admin	0003_logentry_add_action_flag_choices	2024-04-03 11:01:44.914077+00
15	contenttypes	0002_remove_content_type_name	2024-04-03 11:01:44.931492+00
16	auth	0001_initial	2024-04-03 11:01:44.998992+00
17	auth	0002_alter_permission_name_max_length	2024-04-03 11:01:45.010175+00
18	auth	0003_alter_user_email_max_length	2024-04-03 11:01:45.019023+00
19	auth	0004_alter_user_username_opts	2024-04-03 11:01:45.028045+00
20	auth	0005_alter_user_last_login_null	2024-04-03 11:01:45.037322+00
21	auth	0006_require_contenttypes_0002	2024-04-03 11:01:45.042402+00
22	auth	0007_alter_validators_add_error_messages	2024-04-03 11:01:45.051967+00
23	auth	0008_alter_user_username_max_length	2024-04-03 11:01:45.061286+00
24	auth	0009_alter_user_last_name_max_length	2024-04-03 11:01:45.070677+00
25	auth	0010_alter_group_name_max_length	2024-04-03 11:01:45.083578+00
26	auth	0011_update_proxy_permissions	2024-04-03 11:01:45.092737+00
27	auth	0012_alter_user_first_name_max_length	2024-04-03 11:01:45.099588+00
28	chat	0001_initial	2024-04-03 11:01:45.154026+00
29	chat	0002_message_receiver	2024-04-03 11:01:45.178191+00
30	chat	0003_message_read	2024-04-03 11:01:45.189508+00
31	notifications	0001_initial	2024-04-03 11:01:45.219646+00
32	followers	0001_initial	2024-04-03 11:01:45.275808+00
33	taggit	0001_initial	2024-04-03 11:01:45.352756+00
34	taggit	0002_auto_20150616_2121	2024-04-03 11:01:45.369711+00
35	taggit	0003_taggeditem_add_unique_index	2024-04-03 11:01:45.383113+00
36	taggit	0004_alter_taggeditem_content_type_alter_taggeditem_tag	2024-04-03 11:01:45.410902+00
37	taggit	0005_auto_20220424_2025	2024-04-03 11:01:45.418992+00
38	taggit	0006_rename_taggeditem_content_type_object_id_taggit_tagg_content_8fc721_idx	2024-04-03 11:01:45.43878+00
39	posts	0001_initial	2024-04-03 11:01:45.495133+00
40	posts	0002_comment	2024-04-03 11:01:45.531364+00
41	posts	0003_post_view_count	2024-04-03 11:01:45.548664+00
42	posts	0004_like	2024-04-03 11:01:45.597982+00
43	posts	0005_alter_like_user_alter_post_image	2024-04-03 11:01:45.628353+00
44	posts	0006_alter_post_image	2024-04-03 11:01:45.644962+00
45	posts	0007_alter_post_image	2024-04-03 11:01:45.661807+00
46	posts	0008_alter_post_image	2024-04-03 11:01:45.678786+00
47	posts	0009_delete_comment	2024-04-03 11:01:45.686394+00
48	posts	0010_comment	2024-04-03 11:01:45.749019+00
49	posts	0011_alter_comment_post	2024-04-03 11:01:45.768284+00
50	posts	0012_alter_comment_author	2024-04-03 11:01:45.793305+00
51	posts	0013_remove_post_image_image	2024-04-03 11:01:45.836092+00
52	posts	0014_alter_image_options_alter_image_post	2024-04-03 11:01:45.862821+00
53	posts	0015_image_video	2024-04-03 11:01:45.87531+00
54	posts	0016_remove_image_video_video	2024-04-03 11:01:45.918125+00
55	posts	0017_comment_notification_like_notification	2024-04-03 11:01:45.971192+00
56	posts	0018_readpost	2024-04-03 11:01:46.011603+00
57	posts	0019_alter_readpost_post	2024-04-03 11:01:46.037627+00
58	posts	0020_alter_post_options_post_premium	2024-04-03 11:01:46.07057+00
59	sessions	0001_initial	2024-04-03 11:01:46.103501+00
\.


--
-- Data for Name: django_session; Type: TABLE DATA; Schema: public; Owner: postgres
--

COPY public.django_session (session_key, session_data, expire_date) FROM stdin;
\.


--
-- Data for Name: followers_follower; Type: TABLE DATA; Schema: public; Owner: postgres
--

COPY public.followers_follower (id, created_date, author_id, follower_id, notification_id) FROM stdin;
1	2024-04-03 18:52:40.494445+00	2	2	1
4	2024-04-04 15:45:39.659851+00	1	2	18
5	2024-04-04 20:11:11.563641+00	2	3	19
6	2024-04-04 23:39:41.670557+00	3	2	23
9	2024-04-14 15:57:40.161878+00	7	2	33
16	2024-04-15 07:43:14.244088+00	7	1	40
17	2024-04-20 11:47:04.69767+00	2	13	41
18	2024-04-25 12:12:14.033043+00	1	13	46
20	2024-05-07 10:26:30.183814+00	2	1	52
\.


--
-- Data for Name: notifications_notification; Type: TABLE DATA; Schema: public; Owner: postgres
--

COPY public.notifications_notification (id, send, read, hide, created_date, user_id) FROM stdin;
28	t	t	f	2024-04-09 11:58:04.955695+00	6
18	t	t	f	2024-04-04 15:45:39.658428+00	1
30	t	t	f	2024-04-10 09:53:11.163419+00	1
31	t	t	f	2024-04-11 14:45:59.045345+00	1
32	t	t	f	2024-04-11 18:34:25.885533+00	1
47	t	t	f	2024-04-25 12:12:36.77459+00	1
52	t	t	f	2024-05-07 10:26:30.18254+00	2
33	f	f	f	2024-04-14 15:57:40.159832+00	7
48	t	t	f	2024-05-06 12:51:01.518024+00	2
50	t	t	f	2024-05-06 13:04:02.570581+00	2
19	t	t	f	2024-04-04 20:11:11.56244+00	2
20	t	t	f	2024-04-04 20:11:18.512713+00	2
21	t	t	f	2024-04-04 20:14:35.818594+00	2
22	t	t	f	2024-04-04 20:15:00.901809+00	2
1	t	t	f	2024-04-03 18:52:40.492947+00	2
2	t	t	f	2024-04-04 07:45:10.442573+00	2
45	f	f	f	2024-04-24 13:15:52.99145+00	8
23	t	t	f	2024-04-04 23:39:41.669479+00	3
24	t	t	f	2024-04-04 23:40:39.463483+00	3
25	f	f	f	2024-04-05 13:35:43.878202+00	3
26	f	f	f	2024-04-05 13:35:46.257044+00	3
3	t	t	f	2024-04-04 07:45:15.515141+00	2
4	t	t	f	2024-04-04 08:14:20.124823+00	2
34	f	f	f	2024-04-15 07:18:54.473375+00	7
35	f	f	f	2024-04-15 07:18:59.977392+00	7
36	f	f	f	2024-04-15 07:19:01.983703+00	7
37	f	f	f	2024-04-15 07:19:03.124433+00	7
38	f	f	f	2024-04-15 07:19:04.220591+00	7
39	f	f	f	2024-04-15 07:42:49.120813+00	7
40	f	f	f	2024-04-15 07:43:14.242957+00	7
5	t	t	f	2024-04-04 08:14:47.770377+00	2
6	t	t	f	2024-04-04 14:17:52.639144+00	2
7	t	t	f	2024-04-04 14:17:55.76786+00	2
8	t	t	f	2024-04-04 14:17:58.586246+00	2
9	t	t	f	2024-04-04 14:18:00.96009+00	2
27	f	f	f	2024-04-09 10:02:53.932561+00	3
10	t	t	f	2024-04-04 14:18:03.510293+00	2
11	t	t	f	2024-04-04 14:18:06.07052+00	2
12	t	t	f	2024-04-04 14:18:08.631901+00	2
46	t	t	f	2024-04-25 12:12:14.031499+00	1
49	t	t	f	2024-05-06 12:57:50.372853+00	2
51	t	t	f	2024-05-06 13:04:42.371465+00	2
13	t	t	f	2024-04-04 14:18:11.400427+00	2
14	t	t	f	2024-04-04 14:18:15.105705+00	2
15	t	t	f	2024-04-04 14:18:18.826409+00	2
16	t	t	f	2024-04-04 14:18:29.030808+00	2
17	t	t	f	2024-04-04 14:18:31.118857+00	2
29	t	t	f	2024-04-09 16:06:16.465905+00	2
41	t	t	f	2024-04-20 11:47:04.696227+00	2
42	t	t	f	2024-04-20 11:48:49.604262+00	2
43	t	t	f	2024-04-20 11:48:51.106698+00	2
44	t	t	f	2024-04-20 13:18:15.397838+00	2
\.


--
-- Data for Name: posts_comment; Type: TABLE DATA; Schema: public; Owner: postgres
--

COPY public.posts_comment (id, text, created_date, update_date, deleted, lft, rght, tree_id, level, author_id, parent_id, post_id, notification_id) FROM stdin;
3	удали	2024-04-04 20:15:00.904408+00	2024-04-04 20:15:00.905444+00	f	1	2	3	0	3	\N	26	22
4	sdfgdfs	2024-04-08 07:06:32.199019+00	2024-04-08 07:07:34.810243+00	t	1	2	4	0	1	\N	89	\N
5	sdfgsdfg	2024-04-08 07:06:35.654101+00	2024-04-08 07:07:38.944728+00	t	1	2	5	0	1	\N	89	\N
6	sdfg	2024-04-08 07:10:51.927438+00	2024-04-08 07:10:51.927456+00	f	1	2	6	0	1	\N	89	\N
7	sdgfds	2024-04-08 07:10:55.763387+00	2024-04-08 07:10:55.763405+00	f	1	2	7	0	1	\N	89	\N
1	ты лох	2024-04-04 20:11:18.515993+00	2024-04-04 20:11:18.517348+00	f	1	4	1	0	3	\N	50	20
8	@anggely Нет ты	2024-04-09 04:08:00.689946+00	2024-04-09 04:08:00.689968+00	f	2	3	1	1	2	1	50	\N
2	че дурак	2024-04-04 20:14:35.821303+00	2024-04-04 20:14:35.822542+00	f	1	4	2	0	3	\N	2	21
9	@anggely ты	2024-04-09 06:34:53.300974+00	2024-04-09 06:34:53.301039+00	f	2	3	2	1	2	2	2	\N
10	говно	2024-04-09 10:02:53.93724+00	2024-04-09 10:02:53.940167+00	f	1	2	8	0	2	\N	87	27
11	тесмт	2024-04-09 11:53:57.736427+00	2024-04-09 11:53:57.736445+00	f	1	2	9	0	6	\N	153	\N
12	тест	2024-04-09 11:56:00.030044+00	2024-04-09 11:56:00.030062+00	f	1	2	10	0	6	\N	154	\N
15	Красивые виды.	2024-04-20 11:48:49.607692+00	2024-04-20 11:48:49.608915+00	f	1	2	11	0	13	\N	112	42
16	dasgdfhdfghjd	2024-05-06 13:04:02.576974+00	2024-05-06 13:04:29.182645+00	t	1	2	12	0	1	\N	140	50
17	dsfkljal	2024-05-06 13:04:42.375643+00	2024-05-06 13:04:42.377194+00	f	1	2	13	0	1	\N	140	51
18	dgdgd	2024-05-07 12:30:04.005418+00	2024-05-07 12:30:04.005435+00	f	1	4	14	0	1	\N	85	\N
19	@Vylich asdfasdf	2024-05-07 12:33:44.105644+00	2024-05-07 12:33:44.105661+00	f	2	3	14	1	1	18	85	\N
20	fdgssdfg	2024-05-08 14:25:27.190567+00	2024-05-08 14:25:27.190586+00	f	1	2	15	0	1	\N	84	\N
21	sdfgsdfg	2024-05-08 14:25:30.871885+00	2024-05-08 14:25:30.871901+00	f	1	2	16	0	1	\N	84	\N
22	sdfgdsfg	2024-05-08 14:25:34.488617+00	2024-05-08 14:25:34.488633+00	f	1	2	17	0	1	\N	84	\N
23	sdfgsdfg	2024-05-08 14:25:40.483685+00	2024-05-08 14:25:40.4837+00	f	1	2	18	0	1	\N	84	\N
\.


--
-- Data for Name: posts_image; Type: TABLE DATA; Schema: public; Owner: postgres
--

COPY public.posts_image (id, image, post_id) FROM stdin;
2	1707914542368.jpg	2
5	a77bfa9bad84ef076abd4c9d1a1e2efe.jpg	5
6	ce023c3ec05b9e9474d60f38b87dff84.jpg	6
7	a59afbe636ea752b91439e0d83d9ced8.jpg	7
8	3e9a4de38d22a8944f94f3e613558c4c.jpg	8
9	65c0a675955a1c953251f073a3d0509f.jpg	9
10	464da2f47865dfef6011ab854a811b00.jpg	10
11	78876422a19844cfe87c8a866f48fe38.jpg	11
12	a815b7586858bb1570cf1d906b664b6f.jpg	12
13	a3b3455a0c5fb3aa3403b12e9bad8b81.jpg	13
14	878c1985c88be878fd68481e822a639a.jpg	14
15	e0ab3d100e7030be6027cd4f12b2f833.jpg	15
16	416c914b6866bc0b1482e54d47ac8af2.jpg	16
17	c6641bcd854ddb9b4d34afbc94b64e5e.jpg	17
18	eedaf6e455a685ed7e3fb97650765ffa.jpg	18
19	f4e31df747e4669aa82b5778abaac062.jpg	19
20	ce8a34e1d4a2f504d566913ebd10e3de.jpg	20
21	d312e930bc40ece56bec5e8834010883.jpg	21
22	53ef722303e986f02f5af3f11d6b13e5.jpg	22
23	2d2e4e3b780cbdb002d7dd5824cc01e0.jpg	23
24	dd93544723ec8c214a5704b80eee9157.jpg	24
25	996a4b06bc15d7c094ad9bd328dd9e49.jpg	25
26	images_25.jpeg	26
27	_18839709-b837-40e1-9fa9-37360f8c945f.jpg	27
28	_a76a6bc4-1479-4c0c-b0be-d3794e1b0e44.jpg	28
29	_d3497b49-038a-4183-8fb6-d28e0f66e847.jpg	29
30	QmwROy5kTvU.jpg	30
31	eQyDkUPDhkZI9a8T9i1A.jpg	31
32	ea168a5cf869da32f7dc5d65d1e40530.jpg	32
33	_8b32f85d-1beb-4cf1-bcd6-a03343c23dae.jfif	33
34	_baa999bd-dad4-4c7c-826d-04367d4a363d.jpg	34
35	_022c6719-120c-4753-9986-802680672702.jpg	35
36	Снимок_экрана_2024-01-19_104936.png	36
37	Снимок_экрана_2024-01-19_104802.png	37
38	b09c452b-5979-45f2-9482-1315813171aa.jpeg	38
39	fe870f0e-3f82-46f7-8b4c-d1c98f5a04e4.jpeg	39
40	af226a46-9e0e-4684-9dba-6f197de492f6.jpeg	40
41	57d1f9e1-0ee4-44ff-9af3-a3161a3551cb.jpeg	41
42	Beautiful_Aussie_sunset_Video___Sunset.jpeg	42
43	летний_рассвет_.jpeg	43
44	загружено.jpeg	44
45	Солнце.jpeg	46
46	Эстетика_лета.jpeg	47
47	d0603e45-afba-4e48-8167-4856c1ae46ba.jpeg	48
48	Beautiful_Aussie_sunset_Video___Sunset_ePtgar0.jpeg	49
49	Закат.jpeg	50
50	c0146485-2a63-4736-827a-c5cb593bea4e.jpeg	51
51	Carlos_Julio_Higuera_on_X.jpeg	52
52	8c8ebf2e-1343-40a6-b2b3-459d408664ac.jpeg	53
53	4e57d26c-35e6-4789-946c-ec20dabb6f62.jpeg	54
54	b1597ed9-d722-4d66-ae71-91bb546bd186.jpeg	55
55	727c64af-da9e-4d14-9894-02605688a066.jpeg	56
56	__ig__dobriin_.jpeg	57
57	641e7e0a-6524-42e1-8cd8-ab17e7603875.jpeg	58
58	55a393d5-37df-48bf-bd9f-8d761e388da5.jpeg	59
59	c43ed1f8-41a6-4671-bcb5-a91e1c044384.jpeg	60
60	Artist__mks.jpeg	61
61	df601d71-4e4b-42d6-b9ff-d90ce63dce21.jpeg	62
62	a6f5db09-d6a7-44d4-b698-30577671a97f.jpeg	63
63	1a819ac9-74ae-4bea-99b2-1483e068b1c5.jpeg	64
64	f77193f9-b0bc-488e-a329-38262eef1d30.jpeg	65
65	a41b0d3b-0234-44ef-b7fc-1f2438f5469d.jpeg	66
66	Природа.jpeg	67
67	2a829949-db91-4a69-a364-6affe5da335c.jpeg	68
68	ebf66e68-1ec2-40d9-b1d3-687aa5d8aa28.jpeg	69
69	fd1f6ec6-eb1b-440a-be58-383df33fd7bc.jpeg	70
70	14f10baf-8cab-4c3f-a0ed-7fcb6c2575e3.jpeg	71
71	Нажми_на_картинку_чтобы_перейти_в_канал.jpeg	72
72	mb.jpeg	73
73	Wallpaper.jpeg	74
74	загружено_1.jpeg	75
75	9a843826-0e9b-49a0-901b-3a592d65ed33.jpeg	76
76	9a7ac893-0629-4b83-a95b-8db82fe5f565.jpeg	77
77	Луна.jpeg	78
78	26853458-f49f-4802-ab5a-1539f6eecd65.jpeg	79
79	Pin.jpeg	80
80	83c4bf5d-70c8-4f20-8f44-040b93297dfb.jpeg	81
81	IMG_20240402_223255_661.jpg	82
82	cketch6.png	83
83	rot.png	84
84	bbbb.png	85
85	1712311888821.jpg	86
86	IMG_20240405_043727_184.jpg	87
88	амеба.png	89
89	Сургут_Россия.jpeg	90
90	Los_Angeles_2.jpeg	91
91	d73c4d79-499c-400d-ba3a-422f4d545909.jpeg	92
92	Instagram.jpeg	93
93	Hidden_Gem_Los_Angeles_Bars_to_Visit_in_Hollywood___LALA_Guide.jpeg	94
94	Rodeo_Drive_Sunset_-_Dec__2019.jpeg	95
95	ITAP_L_A_vibes.jpeg	96
96	114edec8-da55-468b-af1e-d7bc16c98313.jpeg	97
97	Beverly_Hills_Los_Angeles___A_Guide_-_What_Laura_Did_Next.jpeg	98
98	The_Best_Places_to_Drink_in_Los_Angeles.jpeg	99
99	Secret_Los_Angeles_on_Instagram__Concrete_Jungle.jpeg	100
100	24f559b4-e816-4db8-8c77-dd126324ff35.jpeg	101
101	45cc4a53-d6db-4adf-b6dc-0643f59a0411.jpeg	102
102	71431d34-a7c3-43a9-ba2c-d4db2f96bee3.jpeg	103
103	Los_Angeles_1.jpeg	104
104	be6c368a-4be0-4184-8c2e-a656ab12fb37.jpeg	105
105	Los_Angeles.jpeg	106
106	Washington_DC_Travel_Guide.jpeg	107
107	99b9b91b-581a-45ee-8f09-45ecb0e2de9f.jpeg	108
108	Washington_St_-_Downtown_Seattle.jpeg	109
109	United_States_Capitol.jpeg	110
110	6_Years_In_New_York_-_Katies_Bliss.jpeg	111
111	38a4a1cb-0e0c-42cd-92fa-13f130cf8494.jpeg	112
112	42nd_St__New_York.jpeg	113
113	d10c72a6-742b-4949-beea-3d99de5619a9.jpeg	114
114	Moscow_Moscow_city.jpeg	115
115	Moscow_City.jpeg	116
116	Moscow_city_by_Strogolexa.jpeg	117
117	Moscow.jpeg	118
118	57f6c297-10e2-4318-8492-af32bd561bec.jpeg	123
119	Moscow_City__View_of_the_city.jpeg	124
120	Москва_сити_Moscow_city_Russia_Россия___Небоскребы_Картинки_парижа_Город.jpeg	125
121	652a545c-bc15-4649-b82a-7d795ced6d78.jpeg	126
122	8752372f-a85c-48de-875d-b02806134763.jpeg	127
123	shanghai_1.jpeg	128
124	85314b0a-cfa6-42b3-a111-6e953928cc92.jpeg	129
125	iPhone_X_Wallpapers___City_view_night_China_city_Shanghai_city.jpeg	130
126	Shanghai.jpeg	131
127	Ausdin_ShangHai_City_Video___Beautiful_scenery.jpeg	132
128	Shanghai_China.jpeg	133
129	W_Shanghai_-_The_Bund.jpeg	134
130	Shanghai_Tower_by_Brady_Fang.jpeg	135
131	China_Shanghai_Skyline_At_Night_by_Martin_Puddy_1.jpeg	136
132	shanghai__1.jpeg	139
133	dfbb1d88-b91f-4355-a314-348d75d76733.jpeg	140
134	River_Banks_江畔.jpeg	141
135	fca13c35-6a06-4ef3-93fb-b0115d5a14a0.jpeg	142
136	Шанхай_Китай_.jpeg	143
137	Китай.jpeg	144
138	Парк_Шанхай_Lujiazui_Garden.jpeg	145
139	Шанхай.jpeg	146
140	Christian-Bale-in-Batman-Begins-2005-Movie-Image-e1327507907255.jpg	147
143	7-image_xBZ4DR8.png	150
146	7-image_hJ3G1wZ.png	153
147	7-image-2.png	154
148	Agile-Dali.png	155
161	7-image_bQVaVY0.png	169
163	__ig__dobriin__0k2LE2q.jpeg	172
164	IMG_5960.JPG	173
182	image.jpg	192
\.


--
-- Data for Name: posts_like; Type: TABLE DATA; Schema: public; Owner: postgres
--

COPY public.posts_like (id, object_id, content_type_id, user_id, notification_id) FROM stdin;
1	2	7	2	\N
3	2	7	1	2
4	2	7	1	4
5	2	7	1	5
8	18	7	1	6
9	17	7	1	7
10	16	7	1	8
11	15	7	1	9
12	14	7	1	10
13	13	7	1	11
14	12	7	1	12
15	11	7	1	13
16	10	7	1	14
17	9	7	1	15
18	5	7	1	16
19	18	7	2	\N
20	31	7	2	\N
21	82	7	2	24
22	143	7	2	\N
23	132	7	2	\N
24	132	7	2	\N
25	132	7	2	\N
26	132	7	2	\N
27	147	7	2	\N
28	154	7	6	\N
29	154	7	2	28
30	7	7	7	29
34	172	7	2	\N
36	173	7	13	\N
37	112	7	13	43
38	172	7	13	44
39	169	7	1	45
40	85	7	13	47
41	140	7	1	49
\.


--
-- Data for Name: posts_post; Type: TABLE DATA; Schema: public; Owner: postgres
--

COPY public.posts_post (id, name, text, created_date, slug, avialable_comment, author_id, view_count, premium) FROM stdin;
90	surgut		2024-04-07 07:50:17.420362+00	surgut	t	2	1	f
99	city		2024-04-07 07:55:08.335162+00	city-2a91a247	t	2	1	f
102	city		2024-04-07 08:07:29.484017+00	city-f413fa72	t	2	1	f
108	city		2024-04-07 08:08:23.938265+00	city-5874ea1a	t	2	1	f
150	showcage		2024-04-09 11:46:33.591158+00	showcage	t	2	11	f
192	кiт		2024-04-24 15:02:14.190136+00	kit	f	1	17	f
83	Осьминог		2024-04-05 09:12:27.97994+00	osminog	t	1	13	t
82	ляля	ауешники вы	2024-04-04 20:08:06.688709+00	lyalya	t	3	10	f
129	China		2024-04-07 09:42:01.001699+00	china-a774a5a3	t	2	1	f
80	china		2024-04-04 19:20:40.246475+00	china-3d2d2523	t	2	4	f
126	moscow city		2024-04-07 09:41:11.254857+00	moscow-city-d9c32559	t	2	2	f
59	purple sunset		2024-04-04 19:16:35.179358+00	purple-sunset-641f6004	t	2	1	f
61	purple sunset		2024-04-04 19:16:55.681994+00	purple-sunset-772ec9ff	t	2	1	f
63	purple sunset		2024-04-04 19:17:11.690459+00	purple-sunset-13d563e8	t	2	1	f
65	purple sunset		2024-04-04 19:17:31.469815+00	purple-sunset-52b51618	t	2	1	f
67	purple sunset		2024-04-04 19:17:56.865185+00	purple-sunset-d8db95b4	t	2	1	f
69	purple sunset		2024-04-04 19:18:30.503059+00	purple-sunset-8b5b1fdf	t	2	1	f
105	city		2024-04-07 08:07:55.514463+00	city-3d7d22aa	t	2	2	f
32	Griffith		2024-04-04 18:56:55.45639+00	griffith	t	2	1	f
33	gats		2024-04-04 18:57:30.401592+00	gats	t	2	1	f
34	Октябрь		2024-04-04 18:58:21.668063+00	oktyabr	t	2	1	f
35	abstraction		2024-04-04 18:59:46.871732+00	abstraction	t	2	1	f
17	Ночь		2024-04-04 10:08:25.910767+00	noch	t	2	2	f
16	Вечер		2024-04-04 10:08:06.857768+00	vecher-a56f4ef5	t	2	3	f
96	city		2024-04-07 07:54:48.791617+00	city-c7f9e7d2	t	2	2	f
114	moscow city		2024-04-07 09:39:34.748027+00	moscow-city	t	2	2	f
36	Visual		2024-04-04 19:00:15.771121+00	visual	t	2	2	f
68	green sunset		2024-04-04 19:18:16.127565+00	green-sunset	t	2	1	f
72	purple sunset		2024-04-04 19:18:59.785286+00	purple-sunset-14e26934	t	2	1	f
76	purple sunset		2024-04-04 19:19:49.104569+00	purple-sunset-773d5adc	t	2	1	f
135	China		2024-04-07 09:43:30.1602+00	china-c8cadb0d	t	2	1	f
70	purple sunset		2024-04-04 19:18:40.320834+00	purple-sunset-25611990	t	2	5	f
74	purple sunset		2024-04-04 19:19:24.838037+00	purple-sunset-e5349ba8	t	2	2	f
111	city		2024-04-07 08:09:25.623771+00	city-1722d870	t	2	2	f
14	Город		2024-04-04 10:07:28.85644+00	gorod-7b7a2261	t	2	3	f
141	China		2024-04-07 10:19:06.551343+00	china-129c960a	t	2	2	f
132	China		2024-04-07 09:42:24.548517+00	china-d56f3afe	t	2	2	f
147	Райан Гослинг		2024-04-09 10:12:00.797307+00	rajan-gosling-6e792fc4	t	2	16	f
31	Райан Гослинг		2024-04-04 17:10:20.397457+00	rajan-gosling	t	2	3	f
123	moscow		2024-04-07 09:40:43.11394+00	moscow	t	2	2	f
153	тест	тест	2024-04-09 11:53:42.552093+00	test	t	6	9	f
15	Дом		2024-04-04 10:07:46.421519+00	dom-0599a214	t	2	3	f
117	moscow city		2024-04-07 09:39:57.888866+00	moscow-city-c74417a8	t	2	5	f
86	ребят скиньте денег	рома обезьяна🙊	2024-04-05 10:16:28.780063+00	rebyat-skinte-deneg	t	3	8	f
93	city		2024-04-07 07:54:26.072033+00	city-fd251622	t	2	2	f
144	China		2024-04-07 10:19:45.264683+00	china-a2b0bd3f	t	2	22	f
81	china		2024-04-04 19:20:54.827878+00	china-f63b8ad8	t	2	6	f
8	Деревня		2024-04-04 10:05:20.035002+00	derevnya-03bfebb1	t	2	2	f
145	China		2024-04-07 10:19:52.783668+00	china-f12cd246	t	2	5	f
21	Дом		2024-04-04 17:05:25.233879+00	dom-96b50ffd	t	2	3	f
97	city		2024-04-07 07:54:54.779017+00	city-a90e91db	t	2	2	f
91	city		2024-04-07 07:54:11.212182+00	city	t	2	1	f
100	city		2024-04-07 07:55:14.401919+00	city-8c59403e	t	2	1	f
106	city		2024-04-07 08:08:04.21133+00	city-0d734902	t	2	1	f
172	Oblivion		2024-04-14 16:01:09.582345+00	oblivion	t	2	12	f
115	moscow city		2024-04-07 09:39:43.500254+00	moscow-city-132de000	t	2	1	f
154	тест2		2024-04-09 11:54:58.166519+00	test2	t	6	15	f
124	moscow city		2024-04-07 09:40:55.209419+00	moscow-city-a710c70b	t	2	1	f
127	moscow city		2024-04-07 09:41:20.542504+00	moscow-city-2c96dccb	t	2	1	f
133	China		2024-04-07 09:42:35.649137+00	china-ecb4a7a9	t	2	1	f
71	purple sunset		2024-04-04 19:18:50.319885+00	purple-sunset-9ffd3d12	t	2	3	f
87	хочу кушать		2024-04-05 10:18:31.340154+00	hochu-kushat	t	3	10	f
30	Кот		2024-04-04 17:09:53.661155+00	kot	t	2	7	f
136	China		2024-04-07 09:43:44.274158+00	china-b23fae52	t	2	3	f
13	Дом		2024-04-04 10:07:13.385507+00	dom	t	2	3	f
84	Goldman		2024-04-05 09:14:32.626741+00	goldman	t	1	20	t
139	China		2024-04-07 10:18:36.123225+00	china-cdcf5dd6	t	2	3	f
112	city		2024-04-07 08:09:33.959265+00	city-6aeccb81	t	2	19	f
73	purple sunset		2024-04-04 19:19:12.670168+00	purple-sunset-851421e7	t	2	1	f
75	purple sunset		2024-04-04 19:19:39.073714+00	purple-sunset-72367ede	t	2	1	f
77	purple sunset		2024-04-04 19:19:57.756139+00	purple-sunset-1707e42e	t	2	1	f
12	Вечер		2024-04-04 10:06:43.79131+00	vecher-df05fe3b	t	2	2	f
57	purple sunset		2024-04-04 19:15:45.488227+00	purple-sunset-13ea73aa	t	2	1	f
79	china		2024-04-04 19:20:27.103659+00	china-7293e2b7	t	2	5	f
41	sunset		2024-04-04 19:08:41.025979+00	sunset-10cca2d0	t	2	1	f
42	sunset		2024-04-04 19:08:48.967978+00	sunset-c95382e4	t	2	2	f
43	sunset		2024-04-04 19:08:58.927887+00	sunset-18ef3968	t	2	1	f
2	дома и бани из бревна и бруса		2024-04-03 18:51:37.196327+00	doma-i-bani-iz-brevna-i-brusa	t	2	113	f
20	Здание		2024-04-04 17:05:11.300053+00	zdanie	t	2	1	f
48	sunset		2024-04-04 19:09:57.792298+00	sunset-318570ee	t	2	2	f
142	China		2024-04-07 10:19:16.465549+00	china-89fc67c7	t	2	2	f
130	China		2024-04-07 09:42:09.046714+00	china-bba89f7e	t	2	3	f
89	Amoeba		2024-04-05 14:12:40.830733+00	amoeba-8cf85247	t	1	42	t
50	sunset		2024-04-04 19:10:19.774322+00	sunset-89189da5	t	2	95	f
118	moscow city		2024-04-07 09:40:04.493409+00	moscow-city-4a398b69	t	2	3	f
94	city		2024-04-07 07:54:34.524345+00	city-94ad1499	t	2	2	f
26	Парень		2024-04-04 17:08:29.140833+00	paren	t	2	91	f
109	city		2024-04-07 08:08:33.854469+00	city-b6f2c937	t	2	3	f
103	city		2024-04-07 08:07:36.74303+00	city-df32d583	t	2	3	f
92	city		2024-04-07 07:54:18.358202+00	city-c785a196	t	2	1	f
95	city		2024-04-07 07:54:42.01203+00	city-069e5615	t	2	1	f
98	city		2024-04-07 07:55:01.23465+00	city-6bf270ab	t	2	1	f
9	Деревня		2024-04-04 10:05:42.0904+00	derevnya-ec294e19	t	2	3	f
104	city		2024-04-07 08:07:45.65382+00	city-c8442bdf	t	2	1	f
11	Вечер		2024-04-04 10:06:27.635053+00	vecher-6680dc9b	t	2	3	f
19	Заброшка		2024-04-04 17:04:53.76516+00	zabroshka	t	2	2	f
155	test 3		2024-04-09 11:59:41.248681+00	test-3	t	6	6	f
29	Город		2024-04-04 17:09:18.318342+00	gorod-1e79b72f	t	2	2	f
6	Город		2024-04-04 10:04:42.977018+00	gorod	t	2	2	f
85	Amoeba		2024-04-05 09:18:15.029573+00	amoeba	t	1	16	t
113	city		2024-04-07 08:09:41.852641+00	city-00fe2c7f	t	2	2	f
22	Поле		2024-04-04 17:05:39.431531+00	pole	t	2	1	f
110	city		2024-04-07 08:09:17.362174+00	city-a49d9900	t	2	4	f
24	Дом		2024-04-04 17:06:15.56338+00	dom-72864cf0	t	2	1	f
25	Дом		2024-04-04 17:06:30.352056+00	dom-b46cea28	t	2	1	f
27	Город		2024-04-04 17:08:48.058727+00	gorod-6ec2d4e2	t	2	1	f
28	Город		2024-04-04 17:09:04.849975+00	gorod-cd851649	t	2	1	f
49	sunset		2024-04-04 19:10:07.484742+00	sunset-578a90b4	t	2	2	f
44	sunset		2024-04-04 19:09:09.957473+00	sunset-cad04db3	t	2	1	f
46	sunset		2024-04-04 19:09:34.972854+00	sunset-b8cd98b8	t	2	1	f
47	sunset		2024-04-04 19:09:46.587811+00	sunset-54b9da28	t	2	1	f
173	Пишите "от руки" как можно чаще	Написание текста "от руки" повышает функциональность головного мозга в разы. Поэтому чаще делайте это. Особенно, если вы руководитель.	2024-04-20 10:09:16.49324+00	pishite-ot-ruki-kak-mozhno-chasche	t	13	32	f
10	Вечер		2024-04-04 10:06:07.099559+00	vecher	t	2	4	f
169	asdf		2024-04-10 10:00:41.86199+00	asdf	t	8	26	f
55	purple sunset		2024-04-04 19:15:30.267686+00	purple-sunset-06b4f520	t	2	1	f
40	sunset		2024-04-04 19:08:31.745095+00	sunset-e8df387f	t	2	2	f
37	visual		2024-04-04 19:00:50.960727+00	visual-9016297a	t	2	1	f
38	sunset		2024-04-04 19:08:00.310927+00	sunset	t	2	1	f
18	Ночь		2024-04-04 10:09:21.655205+00	noch-4ab500c4	t	2	6	f
39	sunset		2024-04-04 19:08:12.227663+00	sunset-8fd14cdd	t	2	1	f
51	purple sunset		2024-04-04 19:15:03.326358+00	purple-sunset	t	2	2	f
53	purple sunset		2024-04-04 19:15:13.752575+00	purple-sunset-97734543	t	2	2	f
128	Шанхай		2024-04-07 09:41:45.713097+00	shanhaj	t	2	2	f
54	purple sunset		2024-04-04 19:15:21.890155+00	purple-sunset-605ee174	t	2	1	f
56	purple sunset		2024-04-04 19:15:37.026446+00	purple-sunset-7af6045a	t	2	1	f
58	purple sunset		2024-04-04 19:15:56.368883+00	purple-sunset-e10fcf1d	t	2	1	f
60	purple sunset		2024-04-04 19:16:46.264363+00	purple-sunset-84259b53	t	2	1	f
62	purple sunset		2024-04-04 19:17:03.933283+00	purple-sunset-0c310b9a	t	2	1	f
64	purple sunset		2024-04-04 19:17:20.83976+00	purple-sunset-a22248f3	t	2	1	f
66	purple sunset		2024-04-04 19:17:46.32396+00	purple-sunset-7540d038	t	2	1	f
125	moscow city		2024-04-07 09:41:02.545338+00	moscow-city-041e0875	t	2	1	f
134	China		2024-04-07 09:43:20.67289+00	china-5453a2e3	t	2	1	f
23	Дом		2024-04-04 17:05:54.474613+00	dom-a1845f2f	t	2	2	f
143	China		2024-04-07 10:19:32.782141+00	china-da0c9968	t	2	4	f
52	purple sunset		2024-04-04 19:15:08.808095+00	purple-sunset-26cd61e6	t	2	2	f
116	moscow city		2024-04-07 09:39:50.043049+00	moscow-city-59f3e867	t	2	2	f
5	Природа		2024-04-04 10:04:27.485283+00	priroda	t	2	4	f
140	China		2024-04-07 10:18:51.962801+00	china-8693394d	t	2	18	f
146	China		2024-04-07 10:20:03.679651+00	china-8e2ca009	t	2	11	f
7	Деревня		2024-04-04 10:05:00.678542+00	derevnya	t	2	3	f
131	China		2024-04-07 09:42:16.928243+00	china-a7b3b6c9	t	2	2	f
78	china		2024-04-04 19:20:16.124549+00	china	t	2	4	f
101	city		2024-04-07 08:07:19.619356+00	city-94f907aa	t	2	3	f
107	city		2024-04-07 08:08:12.444532+00	city-b7f1121c	t	2	2	f
\.


--
-- Data for Name: posts_readpost; Type: TABLE DATA; Schema: public; Owner: postgres
--

COPY public.posts_readpost (id, read_post, post_id, user_id) FROM stdin;
4	f	2	2
5	f	2	1
7	f	18	2
8	f	17	2
9	f	16	2
10	f	15	2
11	f	14	2
12	f	13	2
13	f	12	2
14	f	11	2
15	f	10	2
16	f	9	2
17	f	8	2
18	f	7	2
19	f	6	2
20	f	5	2
21	f	18	1
22	f	17	1
23	f	16	1
24	f	15	1
25	f	14	1
26	f	13	1
27	f	12	1
28	f	11	1
29	f	10	1
30	f	9	1
31	f	8	1
32	f	7	1
33	f	6	1
34	f	5	1
36	f	25	2
37	f	24	2
38	f	23	2
39	f	22	2
40	f	21	2
41	f	20	2
42	f	19	2
43	f	29	2
44	f	28	2
45	f	27	2
46	f	26	2
47	f	31	2
48	f	30	2
49	f	34	2
50	f	33	2
51	f	32	2
52	f	35	2
53	f	37	2
54	f	36	2
55	f	50	2
56	f	49	2
57	f	48	2
58	f	47	2
59	f	46	2
60	f	44	2
61	f	43	2
62	f	42	2
63	f	41	2
64	f	40	2
65	f	39	2
66	f	38	2
67	f	58	2
68	f	57	2
69	f	56	2
70	f	55	2
71	f	54	2
72	f	53	2
73	f	52	2
74	f	51	2
75	f	81	2
76	f	80	2
77	f	79	2
78	f	78	2
79	f	77	2
80	f	76	2
81	f	75	2
82	f	74	2
83	f	73	2
84	f	72	2
85	f	71	2
86	f	70	2
87	f	69	2
88	f	68	2
89	f	67	2
90	f	66	2
91	f	65	2
92	f	64	2
93	f	63	2
94	f	62	2
95	f	61	2
96	f	60	2
97	f	59	2
98	f	81	3
99	f	80	3
100	f	79	3
101	f	78	3
102	f	77	3
103	f	76	3
104	f	75	3
105	f	74	3
106	f	73	3
107	f	72	3
108	f	71	3
109	f	70	3
110	f	69	3
111	f	68	3
112	f	67	3
113	f	66	3
114	f	65	3
115	f	64	3
116	f	63	3
117	f	62	3
118	f	82	3
119	f	61	3
120	f	60	3
121	f	59	3
122	f	58	3
123	f	57	3
124	f	56	3
125	f	55	3
126	f	54	3
127	f	53	3
128	f	52	3
129	f	51	3
130	f	50	3
131	f	49	3
132	f	48	3
133	f	47	3
134	f	46	3
135	f	44	3
136	f	43	3
137	f	42	3
138	f	41	3
139	f	40	3
140	f	39	3
141	f	38	3
142	f	37	3
143	f	36	3
144	f	35	3
145	f	34	3
146	f	33	3
147	f	32	3
148	f	31	3
149	f	30	3
150	f	29	3
151	f	28	3
152	f	27	3
153	f	26	3
154	f	25	3
155	f	24	3
156	f	23	3
157	f	22	3
158	f	21	3
159	f	20	3
160	f	19	3
161	f	18	3
162	f	17	3
163	f	16	3
164	f	15	3
165	f	14	3
166	f	13	3
167	f	12	3
168	f	11	3
169	f	10	3
170	f	9	3
171	f	8	3
172	f	7	3
173	f	6	3
174	f	5	3
175	f	2	3
178	f	82	2
179	f	81	1
180	f	80	1
181	f	79	1
182	f	78	1
183	f	77	1
184	f	76	1
185	f	75	1
186	f	74	1
187	f	73	1
188	f	72	1
189	f	71	1
190	f	70	1
191	f	69	1
192	f	68	1
193	f	67	1
194	f	66	1
195	f	65	1
196	f	64	1
197	f	63	1
198	f	62	1
199	f	61	1
200	f	60	1
201	f	59	1
202	f	58	1
203	f	57	1
204	f	56	1
205	f	55	1
206	f	54	1
207	f	53	1
208	f	52	1
209	f	51	1
210	f	50	1
211	f	49	1
212	f	48	1
213	f	47	1
214	f	46	1
215	f	44	1
216	f	43	1
217	f	42	1
218	f	41	1
219	f	40	1
220	f	39	1
221	f	38	1
222	f	37	1
223	f	36	1
224	f	35	1
225	f	34	1
226	f	33	1
227	f	32	1
228	f	31	1
229	f	30	1
230	f	29	1
231	f	28	1
232	f	27	1
233	f	26	1
234	f	25	1
235	f	24	1
236	f	23	1
237	f	22	1
238	f	21	1
239	f	20	1
240	f	19	1
241	f	82	1
242	f	83	1
243	f	85	1
244	f	84	1
245	f	85	3
246	f	84	3
247	f	83	3
248	f	86	3
249	f	87	1
250	f	86	1
251	f	89	1
253	f	89	2
255	f	87	2
256	f	86	2
257	f	85	2
258	f	84	2
259	f	83	2
260	f	89	3
262	f	87	3
263	f	113	2
264	f	112	2
265	f	111	2
266	f	110	2
267	f	109	2
268	f	108	2
269	f	107	2
270	f	106	2
271	f	105	2
272	f	104	2
273	f	103	2
274	f	102	2
275	f	101	2
276	f	100	2
277	f	99	2
278	f	98	2
279	f	97	2
280	f	96	2
281	f	95	2
282	f	94	2
283	f	93	2
284	f	92	2
285	f	91	2
286	f	90	2
287	f	136	2
288	f	135	2
289	f	134	2
290	f	133	2
291	f	132	2
292	f	131	2
293	f	130	2
294	f	129	2
295	f	128	2
296	f	127	2
297	f	146	2
298	f	145	2
299	f	144	2
300	f	143	2
301	f	142	2
302	f	141	2
303	f	140	2
304	f	139	2
305	f	126	2
306	f	125	2
307	f	124	2
308	f	123	2
309	f	118	2
310	f	117	2
311	f	116	2
312	f	115	2
313	f	114	2
314	f	146	1
315	f	145	1
316	f	144	1
317	f	143	1
318	f	142	1
319	f	141	1
320	f	140	1
321	f	139	1
322	f	136	1
323	f	135	1
324	f	134	1
325	f	133	1
326	f	132	1
327	f	131	1
328	f	130	1
329	f	129	1
330	f	128	1
331	f	127	1
332	f	126	1
333	f	125	1
334	f	124	1
335	f	123	1
336	f	118	1
337	f	117	1
338	f	116	1
339	f	115	1
340	f	114	1
341	f	113	1
342	f	112	1
343	f	111	1
344	f	110	1
345	f	109	1
346	f	108	1
347	f	107	1
348	f	106	1
349	f	105	1
350	f	104	1
351	f	103	1
352	f	102	1
353	f	101	1
354	f	100	1
355	f	99	1
356	f	98	1
357	f	97	1
358	f	96	1
359	f	95	1
360	f	94	1
361	f	93	1
362	f	92	1
363	f	91	1
364	f	90	1
365	f	146	6
366	f	145	6
367	f	144	6
368	f	143	6
369	f	142	6
370	f	141	6
371	f	140	6
372	f	139	6
373	f	136	6
374	f	135	6
375	f	134	6
376	f	133	6
377	f	132	6
378	f	131	6
379	f	130	6
380	f	129	6
381	f	128	6
382	f	127	6
383	f	126	6
384	f	125	6
385	f	124	6
386	f	123	6
387	f	118	6
388	f	117	6
389	f	116	6
390	f	115	6
391	f	114	6
392	f	113	6
393	f	112	6
394	f	111	6
395	f	110	6
396	f	109	6
397	f	108	6
398	f	107	6
399	f	106	6
400	f	105	6
401	f	104	6
402	f	103	6
403	f	102	6
404	f	101	6
405	f	100	6
406	f	99	6
407	f	98	6
408	f	97	6
409	f	96	6
410	f	95	6
411	f	94	6
412	f	93	6
413	f	92	6
414	f	91	6
415	f	90	6
416	f	89	6
418	f	87	6
419	f	86	6
420	f	85	6
421	f	84	6
422	f	83	6
423	f	82	6
424	f	81	6
425	f	80	6
426	f	79	6
427	f	78	6
428	f	77	6
429	f	76	6
430	f	75	6
431	f	74	6
432	f	73	6
433	f	72	6
434	f	71	6
435	f	70	6
436	f	69	6
437	f	68	6
438	f	67	6
439	f	66	6
440	f	65	6
441	f	64	6
442	f	63	6
443	f	62	6
444	f	61	6
445	f	60	6
446	f	59	6
447	f	58	6
448	f	57	6
449	f	56	6
450	f	55	6
451	f	54	6
452	f	53	6
453	f	52	6
454	f	51	6
455	f	147	2
456	f	147	1
457	f	150	1
460	f	150	2
464	f	153	6
467	f	150	6
470	f	147	6
471	f	50	6
472	f	49	6
473	f	48	6
474	f	47	6
475	f	46	6
476	f	44	6
477	f	43	6
478	f	42	6
479	f	41	6
480	f	40	6
481	f	39	6
482	f	38	6
483	f	37	6
484	f	154	6
485	f	36	6
486	f	35	6
487	f	34	6
488	f	33	6
489	f	32	6
490	f	31	6
491	f	30	6
492	f	29	6
493	f	28	6
494	f	27	6
495	f	26	6
496	f	25	6
497	f	24	6
498	f	23	6
499	f	22	6
500	f	21	6
501	f	20	6
502	f	19	6
503	f	18	6
504	f	17	6
505	f	16	6
506	f	15	6
507	f	14	6
508	f	13	6
509	f	12	6
510	f	11	6
511	f	10	6
512	f	9	6
513	f	8	6
514	f	7	6
515	f	6	6
516	f	5	6
517	f	2	6
519	f	154	2
520	f	153	2
521	f	155	6
522	f	155	1
523	f	154	1
524	f	153	1
531	f	155	2
532	f	155	7
533	f	154	7
534	f	153	7
535	f	150	7
536	f	147	7
537	f	146	7
538	f	145	7
539	f	144	7
540	f	143	7
541	f	142	7
542	f	141	7
543	f	140	7
544	f	139	7
545	f	136	7
546	f	135	7
547	f	134	7
548	f	133	7
549	f	132	7
550	f	131	7
551	f	130	7
552	f	129	7
553	f	128	7
554	f	127	7
555	f	126	7
556	f	125	7
557	f	124	7
558	f	123	7
559	f	118	7
560	f	117	7
561	f	116	7
562	f	115	7
563	f	114	7
564	f	113	7
565	f	112	7
566	f	111	7
567	f	110	7
568	f	109	7
569	f	108	7
570	f	107	7
571	f	106	7
572	f	105	7
573	f	104	7
574	f	103	7
575	f	102	7
576	f	101	7
577	f	100	7
578	f	99	7
579	f	98	7
580	f	97	7
581	f	96	7
582	f	95	7
583	f	94	7
584	f	93	7
585	f	92	7
586	f	91	7
587	f	90	7
588	f	89	7
590	f	87	7
591	f	86	7
592	f	85	7
593	f	84	7
594	f	83	7
595	f	82	7
596	f	81	7
597	f	80	7
598	f	79	7
599	f	78	7
600	f	77	7
601	f	76	7
602	f	75	7
603	f	74	7
604	f	73	7
605	f	72	7
606	f	71	7
607	f	70	7
608	f	69	7
609	f	68	7
610	f	67	7
611	f	66	7
612	f	65	7
613	f	64	7
614	f	63	7
615	f	62	7
616	f	61	7
617	f	60	7
618	f	59	7
619	f	58	7
620	f	57	7
621	f	56	7
622	f	55	7
623	f	54	7
624	f	53	7
625	f	52	7
626	f	51	7
627	f	50	7
628	f	49	7
629	f	48	7
630	f	47	7
631	f	46	7
632	f	44	7
633	f	43	7
634	f	42	7
635	f	41	7
636	f	40	7
637	f	39	7
638	f	38	7
639	f	37	7
640	f	36	7
641	f	35	7
642	f	34	7
643	f	33	7
644	f	32	7
645	f	31	7
646	f	30	7
647	f	29	7
648	f	28	7
649	f	27	7
650	f	26	7
651	f	25	7
652	f	24	7
653	f	23	7
654	f	22	7
655	f	21	7
656	f	20	7
657	f	19	7
658	f	18	7
659	f	17	7
660	f	16	7
661	f	15	7
662	f	14	7
663	f	13	7
664	f	12	7
665	f	11	7
666	f	10	7
667	f	9	7
668	f	8	7
669	f	7	7
670	f	6	7
671	f	5	7
672	f	2	7
696	f	155	8
697	f	154	8
698	f	153	8
699	f	150	8
700	f	147	8
701	f	146	8
702	f	145	8
703	f	144	8
704	f	143	8
705	f	142	8
706	f	141	8
707	f	140	8
708	f	139	8
709	f	136	8
710	f	135	8
711	f	134	8
712	f	133	8
713	f	132	8
714	f	131	8
715	f	130	8
716	f	129	8
717	f	128	8
718	f	127	8
719	f	126	8
720	f	125	8
721	f	124	8
722	f	123	8
723	f	118	8
724	f	117	8
725	f	116	8
726	f	115	8
727	f	114	8
728	f	113	8
729	f	112	8
730	f	111	8
731	f	110	8
732	f	109	8
733	f	108	8
734	f	107	8
735	f	106	8
736	f	105	8
737	f	104	8
738	f	103	8
739	f	102	8
740	f	101	8
741	f	100	8
742	f	99	8
743	f	98	8
744	f	97	8
745	f	96	8
746	f	95	8
747	f	94	8
748	f	93	8
749	f	92	8
750	f	91	8
751	f	90	8
752	f	89	8
754	f	87	8
755	f	86	8
756	f	85	8
757	f	84	8
758	f	83	8
759	f	82	8
760	f	81	8
761	f	80	8
762	f	79	8
763	f	78	8
764	f	77	8
765	f	76	8
766	f	75	8
767	f	74	8
768	f	73	8
769	f	72	8
770	f	71	8
771	f	70	8
772	f	69	8
773	f	68	8
774	f	67	8
775	f	66	8
776	f	65	8
777	f	64	8
778	f	63	8
779	f	62	8
780	f	61	8
781	f	60	8
782	f	59	8
783	f	58	8
784	f	57	8
785	f	56	8
786	f	55	8
787	f	54	8
788	f	53	8
789	f	52	8
790	f	51	8
791	f	50	8
792	f	49	8
793	f	48	8
794	f	47	8
795	f	46	8
796	f	44	8
797	f	43	8
798	f	42	8
799	f	41	8
800	f	40	8
801	f	39	8
802	f	38	8
803	f	37	8
804	f	36	8
805	f	35	8
806	f	34	8
807	f	33	8
808	f	32	8
809	f	31	8
810	f	30	8
811	f	29	8
812	f	28	8
813	f	27	8
814	f	26	8
815	f	25	8
816	f	24	8
817	f	23	8
818	f	22	8
819	f	21	8
820	f	20	8
821	f	19	8
822	f	18	8
823	f	17	8
824	f	16	8
825	f	15	8
826	f	14	8
827	f	13	8
828	f	12	8
829	f	11	8
830	f	10	8
831	f	9	8
832	f	8	8
833	f	7	8
834	f	6	8
835	f	5	8
836	f	2	8
837	f	169	1
838	f	169	8
841	f	169	2
846	f	172	2
847	f	172	1
848	f	172	13
849	f	169	13
850	f	155	13
851	f	154	13
852	f	153	13
853	f	150	13
854	f	147	13
855	f	146	13
856	f	145	13
857	f	144	13
858	f	143	13
859	f	142	13
860	f	141	13
861	f	140	13
862	f	139	13
863	f	136	13
864	f	135	13
865	f	134	13
866	f	133	13
867	f	132	13
868	f	131	13
869	f	130	13
870	f	129	13
871	f	128	13
872	f	127	13
873	f	126	13
874	f	125	13
875	f	124	13
876	f	123	13
877	f	118	13
878	f	117	13
879	f	116	13
880	f	115	13
881	f	114	13
882	f	113	13
883	f	112	13
884	f	111	13
885	f	110	13
886	f	109	13
887	f	108	13
888	f	173	13
889	f	107	13
890	f	106	13
891	f	105	13
892	f	104	13
893	f	103	13
894	f	102	13
895	f	101	13
896	f	100	13
897	f	99	13
898	f	98	13
899	f	97	13
900	f	96	13
901	f	95	13
902	f	94	13
903	f	93	13
904	f	92	13
905	f	91	13
906	f	90	13
907	f	81	13
908	f	80	13
909	f	79	13
910	f	78	13
911	f	77	13
912	f	76	13
913	f	75	13
914	f	74	13
915	f	73	13
916	f	72	13
917	f	71	13
918	f	70	13
919	f	69	13
920	f	68	13
921	f	67	13
922	f	66	13
923	f	65	13
924	f	64	13
925	f	63	13
926	f	62	13
927	f	61	13
928	f	60	13
929	f	59	13
930	f	58	13
931	f	57	13
932	f	56	13
933	f	55	13
934	f	54	13
935	f	53	13
936	f	52	13
937	f	51	13
938	f	50	13
939	f	49	13
940	f	48	13
941	f	47	13
942	f	46	13
943	f	44	13
944	f	43	13
945	f	42	13
946	f	41	13
947	f	40	13
948	f	39	13
949	f	38	13
950	f	37	13
951	f	36	13
952	f	35	13
953	f	34	13
954	f	33	13
955	f	32	13
956	f	31	13
957	f	30	13
958	f	29	13
959	f	28	13
960	f	27	13
961	f	26	13
962	f	25	13
963	f	24	13
964	f	23	13
965	f	22	13
966	f	21	13
967	f	20	13
968	f	19	13
969	f	18	13
970	f	17	13
971	f	16	13
972	f	15	13
973	f	14	13
974	f	13	13
975	f	12	13
976	f	11	13
977	f	10	13
978	f	9	13
979	f	8	13
980	f	7	13
981	f	6	13
982	f	5	13
983	f	2	13
984	f	89	13
985	f	87	13
986	f	86	13
987	f	85	13
988	f	84	13
989	f	83	13
990	f	82	13
991	f	173	2
992	f	173	1
993	f	173	14
994	f	172	14
995	f	169	14
996	f	155	14
997	f	154	14
998	f	153	14
999	f	150	14
1000	f	147	14
1001	f	146	14
1002	f	145	14
1003	f	144	14
1004	f	143	14
1005	f	142	14
1006	f	141	14
1007	f	140	14
1008	f	139	14
1009	f	136	14
1010	f	135	14
1011	f	134	14
1012	f	133	14
1013	f	132	14
1014	f	131	14
1015	f	130	14
1016	f	129	14
1017	f	128	14
1018	f	127	14
1019	f	126	14
1020	f	125	14
1021	f	124	14
1022	f	123	14
1023	f	118	14
1024	f	117	14
1025	f	116	14
1026	f	115	14
1027	f	114	14
1028	f	113	14
1029	f	112	14
1030	f	111	14
1031	f	110	14
1032	f	109	14
1033	f	108	14
1034	f	107	14
1035	f	106	14
1036	f	105	14
1037	f	104	14
1038	f	103	14
1039	f	102	14
1040	f	101	14
1041	f	100	14
1042	f	99	14
1043	f	98	14
1044	f	97	14
1045	f	96	14
1046	f	95	14
1047	f	94	14
1048	f	93	14
1049	f	92	14
1050	f	91	14
1051	f	90	14
1052	f	89	14
1053	f	87	14
1054	f	86	14
1055	f	85	14
1056	f	84	14
1057	f	83	14
1058	f	82	14
1059	f	81	14
1060	f	80	14
1061	f	79	14
1062	f	78	14
1063	f	77	14
1064	f	76	14
1065	f	75	14
1066	f	74	14
1067	f	73	14
1068	f	72	14
1069	f	71	14
1070	f	70	14
1071	f	69	14
1072	f	68	14
1073	f	67	14
1074	f	66	14
1075	f	65	14
1076	f	64	14
1077	f	63	14
1078	f	62	14
1079	f	61	14
1080	f	60	14
1081	f	59	14
1082	f	58	14
1083	f	57	14
1084	f	56	14
1085	f	55	14
1086	f	54	14
1087	f	53	14
1088	f	52	14
1089	f	51	14
1090	f	50	14
1091	f	49	14
1092	f	48	14
1093	f	47	14
1094	f	46	14
1095	f	44	14
1096	f	43	14
1097	f	42	14
1098	f	41	14
1099	f	40	14
1100	f	39	14
1101	f	38	14
1102	f	37	14
1103	f	36	14
1104	f	35	14
1105	f	34	14
1106	f	33	14
1107	f	32	14
1108	f	31	14
1109	f	30	14
1110	f	29	14
1111	f	28	14
1112	f	27	14
1113	f	26	14
1114	f	25	14
1115	f	24	14
1116	f	23	14
1117	f	22	14
1118	f	21	14
1119	f	20	14
1120	f	19	14
1121	f	18	14
1122	f	17	14
1123	f	16	14
1124	f	15	14
1125	f	14	14
1126	f	13	14
1127	f	12	14
1128	f	11	14
1129	f	10	14
1130	f	9	14
1131	f	8	14
1132	f	7	14
1133	f	6	14
1134	f	5	14
1135	f	2	14
1158	f	192	1
1159	f	192	2
1160	f	192	13
\.


--
-- Data for Name: posts_video; Type: TABLE DATA; Schema: public; Owner: postgres
--

COPY public.posts_video (id, video, post_id) FROM stdin;
\.


--
-- Data for Name: taggit_tag; Type: TABLE DATA; Schema: public; Owner: postgres
--

COPY public.taggit_tag (id, name, slug) FROM stdin;
1	нуке	нуке
2	123	123
3	фыва	фыва
4	Природа	природа
5	Город	город
6	Деревня	деревня
7	Вечер	вечер
8	Дом	дом
9	Ночь	ночь
10	Night	night
11	Заброшка	заброшка
12	Здание	здание
13	Поле	поле
14	Парень	парень
15	Кот	кот
16	Гослинг	гослинг
17	berserk	berserk
18	october	october
19	abstraction	abstraction
20	Visual	visual
21	sunset	sunset
22	purple sunset	purple-sunset
23	green sunset	green-sunset
24	china	china
25	#завтранаработу💔	завтранаработу
26	осьминог	осьминог
27	сюр	сюр
28	эскиз	эскиз
29	gold	gold
30	man	man
31	amoeba	amoeba
32	#когдазакончитсяпара	когдазакончитсяпара
33	#амонгас	амонгас
34	HandMan	handman
35	scatch	scatch
36	surgut	surgut
37	city	city
38	moscow city	moscow-city
39	Шанхай	шанхай
41	China	china_1
42	Райан Гослинг	райан-гослинг
43	вапр	вапр
44	showcage	showcage
45	ывап	ывап
46	ФЫВ	фыв
47	тест	тест
48	тест2	тест2
49	test 3	test-3
50	erty	erty
51	asdf	asdf
52	sdfg	sdfg
53	zXC	zxc
55	ZXC	zxc_1
56	sdfa	sdfa
58	zxc	zxc_2
59	qwer	qwer
60	Oblivion	oblivion
61	саморазвитие	саморазвитие
62	Обучение	обучение
67	fgdh	fgdh
68	fghj	fghj
69	xcvb	xcvb
70	dfgh	dfgh
71	dfghd	dfghd
72	dfhg	dfhg
73	йцук	йцук
74	апро	апро
76	кот	кот_1
\.


--
-- Data for Name: taggit_taggeditem; Type: TABLE DATA; Schema: public; Owner: postgres
--

COPY public.taggit_taggeditem (id, object_id, content_type_id, tag_id) FROM stdin;
2	2	7	2
5	5	7	4
6	6	7	5
7	7	7	6
8	8	7	6
9	9	7	6
10	10	7	7
11	11	7	7
12	12	7	7
13	13	7	8
14	14	7	5
15	15	7	8
16	16	7	7
17	17	7	9
18	18	7	10
19	19	7	11
20	20	7	12
21	21	7	8
22	22	7	13
23	23	7	8
24	24	7	8
25	25	7	8
26	26	7	14
27	27	7	5
28	28	7	5
29	29	7	5
30	30	7	15
31	31	7	16
32	32	7	17
33	33	7	17
34	34	7	18
35	35	7	19
36	36	7	20
37	37	7	20
38	38	7	21
39	39	7	21
40	40	7	21
41	41	7	21
42	42	7	21
43	43	7	21
44	44	7	21
46	46	7	21
47	47	7	21
48	48	7	21
49	49	7	21
50	50	7	21
51	51	7	22
52	52	7	22
53	53	7	22
54	54	7	22
55	55	7	22
56	56	7	22
57	57	7	22
58	58	7	22
59	59	7	22
60	60	7	22
61	61	7	22
62	62	7	22
63	63	7	22
64	64	7	22
65	65	7	22
66	66	7	22
67	67	7	22
68	68	7	23
69	69	7	22
70	70	7	22
71	71	7	22
72	72	7	22
73	73	7	22
74	74	7	22
75	75	7	22
76	76	7	22
77	77	7	22
78	78	7	24
79	79	7	24
80	80	7	24
81	81	7	24
82	82	7	25
83	83	7	26
84	83	7	27
85	83	7	28
86	84	7	28
87	84	7	29
88	84	7	30
89	85	7	27
90	85	7	28
91	85	7	31
92	86	7	32
93	87	7	33
95	89	7	35
96	89	7	28
97	89	7	31
98	90	7	36
99	91	7	37
100	92	7	37
101	93	7	37
102	94	7	37
103	95	7	37
104	96	7	37
105	97	7	37
106	98	7	37
107	99	7	37
108	100	7	37
109	101	7	37
110	102	7	37
111	103	7	37
112	104	7	37
113	105	7	37
114	106	7	37
115	107	7	37
116	108	7	37
117	109	7	37
118	110	7	37
119	111	7	37
120	112	7	37
121	113	7	37
122	114	7	37
123	115	7	38
124	116	7	38
125	117	7	38
126	118	7	38
131	123	7	37
132	124	7	38
133	125	7	38
134	126	7	38
135	127	7	38
136	128	7	39
137	129	7	41
138	130	7	41
139	131	7	41
140	132	7	41
141	133	7	41
142	134	7	41
143	135	7	41
144	136	7	41
147	139	7	41
148	140	7	41
149	141	7	41
150	142	7	41
151	143	7	41
152	144	7	41
153	145	7	41
154	146	7	41
155	147	7	42
158	150	7	44
161	153	7	47
163	154	7	48
164	155	7	49
178	169	7	51
181	172	7	60
182	173	7	61
183	173	7	62
204	192	7	76
\.


--
-- Name: accounts_account_id_seq; Type: SEQUENCE SET; Schema: public; Owner: postgres
--

SELECT pg_catalog.setval('public.accounts_account_id_seq', 15, true);


--
-- Name: auth_group_id_seq; Type: SEQUENCE SET; Schema: public; Owner: postgres
--

SELECT pg_catalog.setval('public.auth_group_id_seq', 1, false);


--
-- Name: auth_group_permissions_id_seq; Type: SEQUENCE SET; Schema: public; Owner: postgres
--

SELECT pg_catalog.setval('public.auth_group_permissions_id_seq', 1, false);


--
-- Name: auth_permission_id_seq; Type: SEQUENCE SET; Schema: public; Owner: postgres
--

SELECT pg_catalog.setval('public.auth_permission_id_seq', 72, true);


--
-- Name: chat_conversation_id_seq; Type: SEQUENCE SET; Schema: public; Owner: postgres
--

SELECT pg_catalog.setval('public.chat_conversation_id_seq', 6, true);


--
-- Name: chat_message_id_seq; Type: SEQUENCE SET; Schema: public; Owner: postgres
--

SELECT pg_catalog.setval('public.chat_message_id_seq', 23, true);


--
-- Name: django_admin_log_id_seq; Type: SEQUENCE SET; Schema: public; Owner: postgres
--

SELECT pg_catalog.setval('public.django_admin_log_id_seq', 1, false);


--
-- Name: django_content_type_id_seq; Type: SEQUENCE SET; Schema: public; Owner: postgres
--

SELECT pg_catalog.setval('public.django_content_type_id_seq', 18, true);


--
-- Name: django_migrations_id_seq; Type: SEQUENCE SET; Schema: public; Owner: postgres
--

SELECT pg_catalog.setval('public.django_migrations_id_seq', 59, true);


--
-- Name: followers_follower_id_seq; Type: SEQUENCE SET; Schema: public; Owner: postgres
--

SELECT pg_catalog.setval('public.followers_follower_id_seq', 20, true);


--
-- Name: notifications_notification_id_seq; Type: SEQUENCE SET; Schema: public; Owner: postgres
--

SELECT pg_catalog.setval('public.notifications_notification_id_seq', 52, true);


--
-- Name: posts_comment_id_seq; Type: SEQUENCE SET; Schema: public; Owner: postgres
--

SELECT pg_catalog.setval('public.posts_comment_id_seq', 23, true);


--
-- Name: posts_image_id_seq; Type: SEQUENCE SET; Schema: public; Owner: postgres
--

SELECT pg_catalog.setval('public.posts_image_id_seq', 182, true);


--
-- Name: posts_like_id_seq; Type: SEQUENCE SET; Schema: public; Owner: postgres
--

SELECT pg_catalog.setval('public.posts_like_id_seq', 41, true);


--
-- Name: posts_post_id_seq; Type: SEQUENCE SET; Schema: public; Owner: postgres
--

SELECT pg_catalog.setval('public.posts_post_id_seq', 192, true);


--
-- Name: posts_readpost_id_seq; Type: SEQUENCE SET; Schema: public; Owner: postgres
--

SELECT pg_catalog.setval('public.posts_readpost_id_seq', 1160, true);


--
-- Name: posts_video_id_seq; Type: SEQUENCE SET; Schema: public; Owner: postgres
--

SELECT pg_catalog.setval('public.posts_video_id_seq', 1, true);


--
-- Name: taggit_tag_id_seq; Type: SEQUENCE SET; Schema: public; Owner: postgres
--

SELECT pg_catalog.setval('public.taggit_tag_id_seq', 76, true);


--
-- Name: taggit_taggeditem_id_seq; Type: SEQUENCE SET; Schema: public; Owner: postgres
--

SELECT pg_catalog.setval('public.taggit_taggeditem_id_seq', 204, true);


--
-- Name: accounts_account accounts_account_email_key; Type: CONSTRAINT; Schema: public; Owner: postgres
--

ALTER TABLE ONLY public.accounts_account
    ADD CONSTRAINT accounts_account_email_key UNIQUE (email);


--
-- Name: accounts_account accounts_account_pkey; Type: CONSTRAINT; Schema: public; Owner: postgres
--

ALTER TABLE ONLY public.accounts_account
    ADD CONSTRAINT accounts_account_pkey PRIMARY KEY (id);


--
-- Name: accounts_account accounts_account_username_key; Type: CONSTRAINT; Schema: public; Owner: postgres
--

ALTER TABLE ONLY public.accounts_account
    ADD CONSTRAINT accounts_account_username_key UNIQUE (username);


--
-- Name: auth_group auth_group_name_key; Type: CONSTRAINT; Schema: public; Owner: postgres
--

ALTER TABLE ONLY public.auth_group
    ADD CONSTRAINT auth_group_name_key UNIQUE (name);


--
-- Name: auth_group_permissions auth_group_permissions_group_id_permission_id_0cd325b0_uniq; Type: CONSTRAINT; Schema: public; Owner: postgres
--

ALTER TABLE ONLY public.auth_group_permissions
    ADD CONSTRAINT auth_group_permissions_group_id_permission_id_0cd325b0_uniq UNIQUE (group_id, permission_id);


--
-- Name: auth_group_permissions auth_group_permissions_pkey; Type: CONSTRAINT; Schema: public; Owner: postgres
--

ALTER TABLE ONLY public.auth_group_permissions
    ADD CONSTRAINT auth_group_permissions_pkey PRIMARY KEY (id);


--
-- Name: auth_group auth_group_pkey; Type: CONSTRAINT; Schema: public; Owner: postgres
--

ALTER TABLE ONLY public.auth_group
    ADD CONSTRAINT auth_group_pkey PRIMARY KEY (id);


--
-- Name: auth_permission auth_permission_content_type_id_codename_01ab375a_uniq; Type: CONSTRAINT; Schema: public; Owner: postgres
--

ALTER TABLE ONLY public.auth_permission
    ADD CONSTRAINT auth_permission_content_type_id_codename_01ab375a_uniq UNIQUE (content_type_id, codename);


--
-- Name: auth_permission auth_permission_pkey; Type: CONSTRAINT; Schema: public; Owner: postgres
--

ALTER TABLE ONLY public.auth_permission
    ADD CONSTRAINT auth_permission_pkey PRIMARY KEY (id);


--
-- Name: chat_conversation chat_conversation_pkey; Type: CONSTRAINT; Schema: public; Owner: postgres
--

ALTER TABLE ONLY public.chat_conversation
    ADD CONSTRAINT chat_conversation_pkey PRIMARY KEY (id);


--
-- Name: chat_message chat_message_pkey; Type: CONSTRAINT; Schema: public; Owner: postgres
--

ALTER TABLE ONLY public.chat_message
    ADD CONSTRAINT chat_message_pkey PRIMARY KEY (id);


--
-- Name: django_admin_log django_admin_log_pkey; Type: CONSTRAINT; Schema: public; Owner: postgres
--

ALTER TABLE ONLY public.django_admin_log
    ADD CONSTRAINT django_admin_log_pkey PRIMARY KEY (id);


--
-- Name: django_content_type django_content_type_app_label_model_76bd3d3b_uniq; Type: CONSTRAINT; Schema: public; Owner: postgres
--

ALTER TABLE ONLY public.django_content_type
    ADD CONSTRAINT django_content_type_app_label_model_76bd3d3b_uniq UNIQUE (app_label, model);


--
-- Name: django_content_type django_content_type_pkey; Type: CONSTRAINT; Schema: public; Owner: postgres
--

ALTER TABLE ONLY public.django_content_type
    ADD CONSTRAINT django_content_type_pkey PRIMARY KEY (id);


--
-- Name: django_migrations django_migrations_pkey; Type: CONSTRAINT; Schema: public; Owner: postgres
--

ALTER TABLE ONLY public.django_migrations
    ADD CONSTRAINT django_migrations_pkey PRIMARY KEY (id);


--
-- Name: django_session django_session_pkey; Type: CONSTRAINT; Schema: public; Owner: postgres
--

ALTER TABLE ONLY public.django_session
    ADD CONSTRAINT django_session_pkey PRIMARY KEY (session_key);


--
-- Name: followers_follower followers_follower_author_id_follower_id_ad96e5ed_uniq; Type: CONSTRAINT; Schema: public; Owner: postgres
--

ALTER TABLE ONLY public.followers_follower
    ADD CONSTRAINT followers_follower_author_id_follower_id_ad96e5ed_uniq UNIQUE (author_id, follower_id);


--
-- Name: followers_follower followers_follower_pkey; Type: CONSTRAINT; Schema: public; Owner: postgres
--

ALTER TABLE ONLY public.followers_follower
    ADD CONSTRAINT followers_follower_pkey PRIMARY KEY (id);


--
-- Name: notifications_notification notifications_notification_pkey; Type: CONSTRAINT; Schema: public; Owner: postgres
--

ALTER TABLE ONLY public.notifications_notification
    ADD CONSTRAINT notifications_notification_pkey PRIMARY KEY (id);


--
-- Name: posts_comment posts_comment_pkey; Type: CONSTRAINT; Schema: public; Owner: postgres
--

ALTER TABLE ONLY public.posts_comment
    ADD CONSTRAINT posts_comment_pkey PRIMARY KEY (id);


--
-- Name: posts_image posts_image_pkey; Type: CONSTRAINT; Schema: public; Owner: postgres
--

ALTER TABLE ONLY public.posts_image
    ADD CONSTRAINT posts_image_pkey PRIMARY KEY (id);


--
-- Name: posts_like posts_like_pkey; Type: CONSTRAINT; Schema: public; Owner: postgres
--

ALTER TABLE ONLY public.posts_like
    ADD CONSTRAINT posts_like_pkey PRIMARY KEY (id);


--
-- Name: posts_post posts_post_pkey; Type: CONSTRAINT; Schema: public; Owner: postgres
--

ALTER TABLE ONLY public.posts_post
    ADD CONSTRAINT posts_post_pkey PRIMARY KEY (id);


--
-- Name: posts_post posts_post_slug_key; Type: CONSTRAINT; Schema: public; Owner: postgres
--

ALTER TABLE ONLY public.posts_post
    ADD CONSTRAINT posts_post_slug_key UNIQUE (slug);


--
-- Name: posts_readpost posts_readpost_pkey; Type: CONSTRAINT; Schema: public; Owner: postgres
--

ALTER TABLE ONLY public.posts_readpost
    ADD CONSTRAINT posts_readpost_pkey PRIMARY KEY (id);


--
-- Name: posts_video posts_video_pkey; Type: CONSTRAINT; Schema: public; Owner: postgres
--

ALTER TABLE ONLY public.posts_video
    ADD CONSTRAINT posts_video_pkey PRIMARY KEY (id);


--
-- Name: taggit_tag taggit_tag_name_key; Type: CONSTRAINT; Schema: public; Owner: postgres
--

ALTER TABLE ONLY public.taggit_tag
    ADD CONSTRAINT taggit_tag_name_key UNIQUE (name);


--
-- Name: taggit_tag taggit_tag_pkey; Type: CONSTRAINT; Schema: public; Owner: postgres
--

ALTER TABLE ONLY public.taggit_tag
    ADD CONSTRAINT taggit_tag_pkey PRIMARY KEY (id);


--
-- Name: taggit_tag taggit_tag_slug_key; Type: CONSTRAINT; Schema: public; Owner: postgres
--

ALTER TABLE ONLY public.taggit_tag
    ADD CONSTRAINT taggit_tag_slug_key UNIQUE (slug);


--
-- Name: taggit_taggeditem taggit_taggeditem_content_type_id_object_id_tag_id_4bb97a8e_uni; Type: CONSTRAINT; Schema: public; Owner: postgres
--

ALTER TABLE ONLY public.taggit_taggeditem
    ADD CONSTRAINT taggit_taggeditem_content_type_id_object_id_tag_id_4bb97a8e_uni UNIQUE (content_type_id, object_id, tag_id);


--
-- Name: taggit_taggeditem taggit_taggeditem_pkey; Type: CONSTRAINT; Schema: public; Owner: postgres
--

ALTER TABLE ONLY public.taggit_taggeditem
    ADD CONSTRAINT taggit_taggeditem_pkey PRIMARY KEY (id);


--
-- Name: followers_follower unique_follow; Type: CONSTRAINT; Schema: public; Owner: postgres
--

ALTER TABLE ONLY public.followers_follower
    ADD CONSTRAINT unique_follow UNIQUE (author_id, follower_id);


--
-- Name: accounts_account_email_348850e2_like; Type: INDEX; Schema: public; Owner: postgres
--

CREATE INDEX accounts_account_email_348850e2_like ON public.accounts_account USING btree (email varchar_pattern_ops);


--
-- Name: accounts_account_username_b5f69a28_like; Type: INDEX; Schema: public; Owner: postgres
--

CREATE INDEX accounts_account_username_b5f69a28_like ON public.accounts_account USING btree (username varchar_pattern_ops);


--
-- Name: auth_group_name_a6ea08ec_like; Type: INDEX; Schema: public; Owner: postgres
--

CREATE INDEX auth_group_name_a6ea08ec_like ON public.auth_group USING btree (name varchar_pattern_ops);


--
-- Name: auth_group_permissions_group_id_b120cbf9; Type: INDEX; Schema: public; Owner: postgres
--

CREATE INDEX auth_group_permissions_group_id_b120cbf9 ON public.auth_group_permissions USING btree (group_id);


--
-- Name: auth_group_permissions_permission_id_84c5c92e; Type: INDEX; Schema: public; Owner: postgres
--

CREATE INDEX auth_group_permissions_permission_id_84c5c92e ON public.auth_group_permissions USING btree (permission_id);


--
-- Name: auth_permission_content_type_id_2f476e4b; Type: INDEX; Schema: public; Owner: postgres
--

CREATE INDEX auth_permission_content_type_id_2f476e4b ON public.auth_permission USING btree (content_type_id);


--
-- Name: chat_conversation_initiator_id_cf561e19; Type: INDEX; Schema: public; Owner: postgres
--

CREATE INDEX chat_conversation_initiator_id_cf561e19 ON public.chat_conversation USING btree (initiator_id);


--
-- Name: chat_conversation_receiver_id_ee505a93; Type: INDEX; Schema: public; Owner: postgres
--

CREATE INDEX chat_conversation_receiver_id_ee505a93 ON public.chat_conversation USING btree (receiver_id);


--
-- Name: chat_message_conversation_id_id_68268054; Type: INDEX; Schema: public; Owner: postgres
--

CREATE INDEX chat_message_conversation_id_id_68268054 ON public.chat_message USING btree (conversation_id_id);


--
-- Name: chat_message_receiver_id_0eceddde; Type: INDEX; Schema: public; Owner: postgres
--

CREATE INDEX chat_message_receiver_id_0eceddde ON public.chat_message USING btree (receiver_id);


--
-- Name: chat_message_sender_id_991c686c; Type: INDEX; Schema: public; Owner: postgres
--

CREATE INDEX chat_message_sender_id_991c686c ON public.chat_message USING btree (sender_id);


--
-- Name: django_admin_log_content_type_id_c4bce8eb; Type: INDEX; Schema: public; Owner: postgres
--

CREATE INDEX django_admin_log_content_type_id_c4bce8eb ON public.django_admin_log USING btree (content_type_id);


--
-- Name: django_admin_log_user_id_c564eba6; Type: INDEX; Schema: public; Owner: postgres
--

CREATE INDEX django_admin_log_user_id_c564eba6 ON public.django_admin_log USING btree (user_id);


--
-- Name: django_session_expire_date_a5c62663; Type: INDEX; Schema: public; Owner: postgres
--

CREATE INDEX django_session_expire_date_a5c62663 ON public.django_session USING btree (expire_date);


--
-- Name: django_session_session_key_c0390e0f_like; Type: INDEX; Schema: public; Owner: postgres
--

CREATE INDEX django_session_session_key_c0390e0f_like ON public.django_session USING btree (session_key varchar_pattern_ops);


--
-- Name: followers_follower_author_id_9c46477c; Type: INDEX; Schema: public; Owner: postgres
--

CREATE INDEX followers_follower_author_id_9c46477c ON public.followers_follower USING btree (author_id);


--
-- Name: followers_follower_follower_id_166fad77; Type: INDEX; Schema: public; Owner: postgres
--

CREATE INDEX followers_follower_follower_id_166fad77 ON public.followers_follower USING btree (follower_id);


--
-- Name: followers_follower_notification_id_a7c2238d; Type: INDEX; Schema: public; Owner: postgres
--

CREATE INDEX followers_follower_notification_id_a7c2238d ON public.followers_follower USING btree (notification_id);


--
-- Name: notifications_notification_user_id_b5e8c0ff; Type: INDEX; Schema: public; Owner: postgres
--

CREATE INDEX notifications_notification_user_id_b5e8c0ff ON public.notifications_notification USING btree (user_id);


--
-- Name: posts_comment_author_id_795e4d12; Type: INDEX; Schema: public; Owner: postgres
--

CREATE INDEX posts_comment_author_id_795e4d12 ON public.posts_comment USING btree (author_id);


--
-- Name: posts_comment_notification_id_2eb0946a; Type: INDEX; Schema: public; Owner: postgres
--

CREATE INDEX posts_comment_notification_id_2eb0946a ON public.posts_comment USING btree (notification_id);


--
-- Name: posts_comment_parent_id_ae76dcba; Type: INDEX; Schema: public; Owner: postgres
--

CREATE INDEX posts_comment_parent_id_ae76dcba ON public.posts_comment USING btree (parent_id);


--
-- Name: posts_comment_post_id_e81436d7; Type: INDEX; Schema: public; Owner: postgres
--

CREATE INDEX posts_comment_post_id_e81436d7 ON public.posts_comment USING btree (post_id);


--
-- Name: posts_comment_tree_id_3ecd2261; Type: INDEX; Schema: public; Owner: postgres
--

CREATE INDEX posts_comment_tree_id_3ecd2261 ON public.posts_comment USING btree (tree_id);


--
-- Name: posts_image_post_id_6ed5e391; Type: INDEX; Schema: public; Owner: postgres
--

CREATE INDEX posts_image_post_id_6ed5e391 ON public.posts_image USING btree (post_id);


--
-- Name: posts_like_content_type_id_e2a2fd9c; Type: INDEX; Schema: public; Owner: postgres
--

CREATE INDEX posts_like_content_type_id_e2a2fd9c ON public.posts_like USING btree (content_type_id);


--
-- Name: posts_like_notification_id_bc990359; Type: INDEX; Schema: public; Owner: postgres
--

CREATE INDEX posts_like_notification_id_bc990359 ON public.posts_like USING btree (notification_id);


--
-- Name: posts_like_user_id_1d505823; Type: INDEX; Schema: public; Owner: postgres
--

CREATE INDEX posts_like_user_id_1d505823 ON public.posts_like USING btree (user_id);


--
-- Name: posts_post_author_id_fe5487bf; Type: INDEX; Schema: public; Owner: postgres
--

CREATE INDEX posts_post_author_id_fe5487bf ON public.posts_post USING btree (author_id);


--
-- Name: posts_post_slug_6e9097e5_like; Type: INDEX; Schema: public; Owner: postgres
--

CREATE INDEX posts_post_slug_6e9097e5_like ON public.posts_post USING btree (slug varchar_pattern_ops);


--
-- Name: posts_readpost_post_id_df3e37fb; Type: INDEX; Schema: public; Owner: postgres
--

CREATE INDEX posts_readpost_post_id_df3e37fb ON public.posts_readpost USING btree (post_id);


--
-- Name: posts_readpost_user_id_787eaf5a; Type: INDEX; Schema: public; Owner: postgres
--

CREATE INDEX posts_readpost_user_id_787eaf5a ON public.posts_readpost USING btree (user_id);


--
-- Name: posts_video_post_id_6e374cfd; Type: INDEX; Schema: public; Owner: postgres
--

CREATE INDEX posts_video_post_id_6e374cfd ON public.posts_video USING btree (post_id);


--
-- Name: taggit_tag_name_58eb2ed9_like; Type: INDEX; Schema: public; Owner: postgres
--

CREATE INDEX taggit_tag_name_58eb2ed9_like ON public.taggit_tag USING btree (name varchar_pattern_ops);


--
-- Name: taggit_tag_slug_6be58b2c_like; Type: INDEX; Schema: public; Owner: postgres
--

CREATE INDEX taggit_tag_slug_6be58b2c_like ON public.taggit_tag USING btree (slug varchar_pattern_ops);


--
-- Name: taggit_tagg_content_8fc721_idx; Type: INDEX; Schema: public; Owner: postgres
--

CREATE INDEX taggit_tagg_content_8fc721_idx ON public.taggit_taggeditem USING btree (content_type_id, object_id);


--
-- Name: taggit_taggeditem_content_type_id_9957a03c; Type: INDEX; Schema: public; Owner: postgres
--

CREATE INDEX taggit_taggeditem_content_type_id_9957a03c ON public.taggit_taggeditem USING btree (content_type_id);


--
-- Name: taggit_taggeditem_object_id_e2d7d1df; Type: INDEX; Schema: public; Owner: postgres
--

CREATE INDEX taggit_taggeditem_object_id_e2d7d1df ON public.taggit_taggeditem USING btree (object_id);


--
-- Name: taggit_taggeditem_tag_id_f4f5b767; Type: INDEX; Schema: public; Owner: postgres
--

CREATE INDEX taggit_taggeditem_tag_id_f4f5b767 ON public.taggit_taggeditem USING btree (tag_id);


--
-- Name: auth_group_permissions auth_group_permissio_permission_id_84c5c92e_fk_auth_perm; Type: FK CONSTRAINT; Schema: public; Owner: postgres
--

ALTER TABLE ONLY public.auth_group_permissions
    ADD CONSTRAINT auth_group_permissio_permission_id_84c5c92e_fk_auth_perm FOREIGN KEY (permission_id) REFERENCES public.auth_permission(id) DEFERRABLE INITIALLY DEFERRED;


--
-- Name: auth_group_permissions auth_group_permissions_group_id_b120cbf9_fk_auth_group_id; Type: FK CONSTRAINT; Schema: public; Owner: postgres
--

ALTER TABLE ONLY public.auth_group_permissions
    ADD CONSTRAINT auth_group_permissions_group_id_b120cbf9_fk_auth_group_id FOREIGN KEY (group_id) REFERENCES public.auth_group(id) DEFERRABLE INITIALLY DEFERRED;


--
-- Name: auth_permission auth_permission_content_type_id_2f476e4b_fk_django_co; Type: FK CONSTRAINT; Schema: public; Owner: postgres
--

ALTER TABLE ONLY public.auth_permission
    ADD CONSTRAINT auth_permission_content_type_id_2f476e4b_fk_django_co FOREIGN KEY (content_type_id) REFERENCES public.django_content_type(id) DEFERRABLE INITIALLY DEFERRED;


--
-- Name: chat_conversation chat_conversation_initiator_id_cf561e19_fk_accounts_account_id; Type: FK CONSTRAINT; Schema: public; Owner: postgres
--

ALTER TABLE ONLY public.chat_conversation
    ADD CONSTRAINT chat_conversation_initiator_id_cf561e19_fk_accounts_account_id FOREIGN KEY (initiator_id) REFERENCES public.accounts_account(id) DEFERRABLE INITIALLY DEFERRED;


--
-- Name: chat_conversation chat_conversation_receiver_id_ee505a93_fk_accounts_account_id; Type: FK CONSTRAINT; Schema: public; Owner: postgres
--

ALTER TABLE ONLY public.chat_conversation
    ADD CONSTRAINT chat_conversation_receiver_id_ee505a93_fk_accounts_account_id FOREIGN KEY (receiver_id) REFERENCES public.accounts_account(id) DEFERRABLE INITIALLY DEFERRED;


--
-- Name: chat_message chat_message_conversation_id_id_68268054_fk_chat_conv; Type: FK CONSTRAINT; Schema: public; Owner: postgres
--

ALTER TABLE ONLY public.chat_message
    ADD CONSTRAINT chat_message_conversation_id_id_68268054_fk_chat_conv FOREIGN KEY (conversation_id_id) REFERENCES public.chat_conversation(id) DEFERRABLE INITIALLY DEFERRED;


--
-- Name: chat_message chat_message_receiver_id_0eceddde_fk_accounts_account_id; Type: FK CONSTRAINT; Schema: public; Owner: postgres
--

ALTER TABLE ONLY public.chat_message
    ADD CONSTRAINT chat_message_receiver_id_0eceddde_fk_accounts_account_id FOREIGN KEY (receiver_id) REFERENCES public.accounts_account(id) DEFERRABLE INITIALLY DEFERRED;


--
-- Name: chat_message chat_message_sender_id_991c686c_fk_accounts_account_id; Type: FK CONSTRAINT; Schema: public; Owner: postgres
--

ALTER TABLE ONLY public.chat_message
    ADD CONSTRAINT chat_message_sender_id_991c686c_fk_accounts_account_id FOREIGN KEY (sender_id) REFERENCES public.accounts_account(id) DEFERRABLE INITIALLY DEFERRED;


--
-- Name: django_admin_log django_admin_log_content_type_id_c4bce8eb_fk_django_co; Type: FK CONSTRAINT; Schema: public; Owner: postgres
--

ALTER TABLE ONLY public.django_admin_log
    ADD CONSTRAINT django_admin_log_content_type_id_c4bce8eb_fk_django_co FOREIGN KEY (content_type_id) REFERENCES public.django_content_type(id) DEFERRABLE INITIALLY DEFERRED;


--
-- Name: django_admin_log django_admin_log_user_id_c564eba6_fk_accounts_account_id; Type: FK CONSTRAINT; Schema: public; Owner: postgres
--

ALTER TABLE ONLY public.django_admin_log
    ADD CONSTRAINT django_admin_log_user_id_c564eba6_fk_accounts_account_id FOREIGN KEY (user_id) REFERENCES public.accounts_account(id) DEFERRABLE INITIALLY DEFERRED;


--
-- Name: followers_follower followers_follower_author_id_9c46477c_fk_accounts_account_id; Type: FK CONSTRAINT; Schema: public; Owner: postgres
--

ALTER TABLE ONLY public.followers_follower
    ADD CONSTRAINT followers_follower_author_id_9c46477c_fk_accounts_account_id FOREIGN KEY (author_id) REFERENCES public.accounts_account(id) DEFERRABLE INITIALLY DEFERRED;


--
-- Name: followers_follower followers_follower_follower_id_166fad77_fk_accounts_account_id; Type: FK CONSTRAINT; Schema: public; Owner: postgres
--

ALTER TABLE ONLY public.followers_follower
    ADD CONSTRAINT followers_follower_follower_id_166fad77_fk_accounts_account_id FOREIGN KEY (follower_id) REFERENCES public.accounts_account(id) DEFERRABLE INITIALLY DEFERRED;


--
-- Name: followers_follower followers_follower_notification_id_a7c2238d_fk_notificat; Type: FK CONSTRAINT; Schema: public; Owner: postgres
--

ALTER TABLE ONLY public.followers_follower
    ADD CONSTRAINT followers_follower_notification_id_a7c2238d_fk_notificat FOREIGN KEY (notification_id) REFERENCES public.notifications_notification(id) DEFERRABLE INITIALLY DEFERRED;


--
-- Name: notifications_notification notifications_notifi_user_id_b5e8c0ff_fk_accounts_; Type: FK CONSTRAINT; Schema: public; Owner: postgres
--

ALTER TABLE ONLY public.notifications_notification
    ADD CONSTRAINT notifications_notifi_user_id_b5e8c0ff_fk_accounts_ FOREIGN KEY (user_id) REFERENCES public.accounts_account(id) DEFERRABLE INITIALLY DEFERRED;


--
-- Name: posts_comment posts_comment_author_id_795e4d12_fk_accounts_account_id; Type: FK CONSTRAINT; Schema: public; Owner: postgres
--

ALTER TABLE ONLY public.posts_comment
    ADD CONSTRAINT posts_comment_author_id_795e4d12_fk_accounts_account_id FOREIGN KEY (author_id) REFERENCES public.accounts_account(id) DEFERRABLE INITIALLY DEFERRED;


--
-- Name: posts_comment posts_comment_notification_id_2eb0946a_fk_notificat; Type: FK CONSTRAINT; Schema: public; Owner: postgres
--

ALTER TABLE ONLY public.posts_comment
    ADD CONSTRAINT posts_comment_notification_id_2eb0946a_fk_notificat FOREIGN KEY (notification_id) REFERENCES public.notifications_notification(id) DEFERRABLE INITIALLY DEFERRED;


--
-- Name: posts_comment posts_comment_parent_id_ae76dcba_fk_posts_comment_id; Type: FK CONSTRAINT; Schema: public; Owner: postgres
--

ALTER TABLE ONLY public.posts_comment
    ADD CONSTRAINT posts_comment_parent_id_ae76dcba_fk_posts_comment_id FOREIGN KEY (parent_id) REFERENCES public.posts_comment(id) DEFERRABLE INITIALLY DEFERRED;


--
-- Name: posts_comment posts_comment_post_id_e81436d7_fk_posts_post_id; Type: FK CONSTRAINT; Schema: public; Owner: postgres
--

ALTER TABLE ONLY public.posts_comment
    ADD CONSTRAINT posts_comment_post_id_e81436d7_fk_posts_post_id FOREIGN KEY (post_id) REFERENCES public.posts_post(id) DEFERRABLE INITIALLY DEFERRED;


--
-- Name: posts_image posts_image_post_id_6ed5e391_fk_posts_post_id; Type: FK CONSTRAINT; Schema: public; Owner: postgres
--

ALTER TABLE ONLY public.posts_image
    ADD CONSTRAINT posts_image_post_id_6ed5e391_fk_posts_post_id FOREIGN KEY (post_id) REFERENCES public.posts_post(id) DEFERRABLE INITIALLY DEFERRED;


--
-- Name: posts_like posts_like_content_type_id_e2a2fd9c_fk_django_content_type_id; Type: FK CONSTRAINT; Schema: public; Owner: postgres
--

ALTER TABLE ONLY public.posts_like
    ADD CONSTRAINT posts_like_content_type_id_e2a2fd9c_fk_django_content_type_id FOREIGN KEY (content_type_id) REFERENCES public.django_content_type(id) DEFERRABLE INITIALLY DEFERRED;


--
-- Name: posts_like posts_like_notification_id_bc990359_fk_notificat; Type: FK CONSTRAINT; Schema: public; Owner: postgres
--

ALTER TABLE ONLY public.posts_like
    ADD CONSTRAINT posts_like_notification_id_bc990359_fk_notificat FOREIGN KEY (notification_id) REFERENCES public.notifications_notification(id) DEFERRABLE INITIALLY DEFERRED;


--
-- Name: posts_like posts_like_user_id_1d505823_fk_accounts_account_id; Type: FK CONSTRAINT; Schema: public; Owner: postgres
--

ALTER TABLE ONLY public.posts_like
    ADD CONSTRAINT posts_like_user_id_1d505823_fk_accounts_account_id FOREIGN KEY (user_id) REFERENCES public.accounts_account(id) DEFERRABLE INITIALLY DEFERRED;


--
-- Name: posts_post posts_post_author_id_fe5487bf_fk_accounts_account_id; Type: FK CONSTRAINT; Schema: public; Owner: postgres
--

ALTER TABLE ONLY public.posts_post
    ADD CONSTRAINT posts_post_author_id_fe5487bf_fk_accounts_account_id FOREIGN KEY (author_id) REFERENCES public.accounts_account(id) DEFERRABLE INITIALLY DEFERRED;


--
-- Name: posts_readpost posts_readpost_post_id_df3e37fb_fk_posts_post_id; Type: FK CONSTRAINT; Schema: public; Owner: postgres
--

ALTER TABLE ONLY public.posts_readpost
    ADD CONSTRAINT posts_readpost_post_id_df3e37fb_fk_posts_post_id FOREIGN KEY (post_id) REFERENCES public.posts_post(id) DEFERRABLE INITIALLY DEFERRED;


--
-- Name: posts_readpost posts_readpost_user_id_787eaf5a_fk_accounts_account_id; Type: FK CONSTRAINT; Schema: public; Owner: postgres
--

ALTER TABLE ONLY public.posts_readpost
    ADD CONSTRAINT posts_readpost_user_id_787eaf5a_fk_accounts_account_id FOREIGN KEY (user_id) REFERENCES public.accounts_account(id) DEFERRABLE INITIALLY DEFERRED;


--
-- Name: posts_video posts_video_post_id_6e374cfd_fk_posts_post_id; Type: FK CONSTRAINT; Schema: public; Owner: postgres
--

ALTER TABLE ONLY public.posts_video
    ADD CONSTRAINT posts_video_post_id_6e374cfd_fk_posts_post_id FOREIGN KEY (post_id) REFERENCES public.posts_post(id) DEFERRABLE INITIALLY DEFERRED;


--
-- Name: taggit_taggeditem taggit_taggeditem_content_type_id_9957a03c_fk_django_co; Type: FK CONSTRAINT; Schema: public; Owner: postgres
--

ALTER TABLE ONLY public.taggit_taggeditem
    ADD CONSTRAINT taggit_taggeditem_content_type_id_9957a03c_fk_django_co FOREIGN KEY (content_type_id) REFERENCES public.django_content_type(id) DEFERRABLE INITIALLY DEFERRED;


--
-- Name: taggit_taggeditem taggit_taggeditem_tag_id_f4f5b767_fk_taggit_tag_id; Type: FK CONSTRAINT; Schema: public; Owner: postgres
--

ALTER TABLE ONLY public.taggit_taggeditem
    ADD CONSTRAINT taggit_taggeditem_tag_id_f4f5b767_fk_taggit_tag_id FOREIGN KEY (tag_id) REFERENCES public.taggit_tag(id) DEFERRABLE INITIALLY DEFERRED;


--
-- PostgreSQL database dump complete
--

